fold,mechanism,rank_within_fold,mechanism_tpr,mechanism_macro_tpr,lower_quartile_tpr,worst_mechanism_tpr,mechanism_count,der_100ms,rmttd_5s,outer_normal_fae_h
0,v_mode::KeyFob-Drop,1,0.0,0.4922161172161172,0.16666666666666666,0.0,13,0.2222222222222222,3.7000140051047006,5.419724308534643
0,spoofing::IndicatorLeft-NA,2,0.16666666666666666,0.4922161172161172,0.16666666666666666,0.0,13,0.2222222222222222,3.7000140051047006,5.419724308534643
0,spoofing::UnusedID-NA,3,0.16666666666666666,0.4922161172161172,0.16666666666666666,0.0,13,0.2222222222222222,3.7000140051047006,5.419724308534643
0,v_mode::GearSwitch-Drop,4,0.16666666666666666,0.4922161172161172,0.16666666666666666,0.0,13,0.2222222222222222,3.7000140051047006,5.419724308534643
0,v_mode::GearSwitch-Inverted_ForgedCRC,5,0.25,0.4922161172161172,0.16666666666666666,0.0,13,0.2222222222222222,3.7000140051047006,5.419724308534643
0,fuzzing::GearSwitch-CRC,6,0.3333333333333333,0.4922161172161172,0.16666666666666666,0.0,13,0.2222222222222222,3.7000140051047006,5.419724308534643
0,fuzzing::Sunroof-Signal,7,0.3333333333333333,0.4922161172161172,0.16666666666666666,0.0,13,0.2222222222222222,3.7000140051047006,5.419724308534643
0,replay::Sunroof-NA,8,0.375,0.4922161172161172,0.16666666666666666,0.0,13,0.2222222222222222,3.7000140051047006,5.419724308534643
0,dos::CAN7-NA,9,0.75,0.4922161172161172,0.16666666666666666,0.0,13,0.2222222222222222,3.7000140051047006,5.419724308534643
0,advanced::Indicator-Flam_Direction,10,0.8571428571428571,0.4922161172161172,0.16666666666666666,0.0,13,0.2222222222222222,3.7000140051047006,5.419724308534643
0,advanced::Break-NA,11,1.0,0.4922161172161172,0.16666666666666666,0.0,13,0.2222222222222222,3.7000140051047006,5.419724308534643
0,fuzzing::CAN1-RandIDs_WholePayload_20ms,12,1.0,0.4922161172161172,0.16666666666666666,0.0,13,0.2222222222222222,3.7000140051047006,5.419724308534643
0,replay::CAN7-NA,13,1.0,0.4922161172161172,0.16666666666666666,0.0,13,0.2222222222222222,3.7000140051047006,5.419724308534643
1,v_mode::KeyFob-Delay,1,0.0,0.8268398268398268,0.6666666666666666,0.0,11,0.2413793103448276,2.3126168456570855,49.31103846290328
1,v_mode::IndicatorLeft-ModifySignal_ForgedCRC,2,0.42857142857142855,0.8268398268398268,0.6666666666666666,0.0,11,0.2413793103448276,2.3126168456570855,49.31103846290328
1,spoofing::Sunroof-NA,3,0.6666666666666666,0.8268398268398268,0.6666666666666666,0.0,11,0.2413793103448276,2.3126168456570855,49.31103846290328
1,advanced::ICWarningLights-NA,4,1.0,0.8268398268398268,0.6666666666666666,0.0,11,0.2413793103448276,2.3126168456570855,49.31103846290328
1,advanced::Indicator-NA,5,1.0,0.8268398268398268,0.6666666666666666,0.0,11,0.2413793103448276,2.3126168456570855,49.31103846290328
1,dos::IndicatorLeft-Flam,6,1.0,0.8268398268398268,0.6666666666666666,0.0,11,0.2413793103448276,2.3126168456570855,49.31103846290328
1,fuzzing::CAN1-WholePayload_20ms,7,1.0,0.8268398268398268,0.6666666666666666,0.0,11,0.2413793103448276,2.3126168456570855,49.31103846290328
1,fuzzing::CAN4-RandIDs_WholePayload_20ms,8,1.0,0.8268398268398268,0.6666666666666666,0.0,11,0.2413793103448276,2.3126168456570855,49.31103846290328
1,fuzzing::CAN4-WholePayload_20ms,9,1.0,0.8268398268398268,0.6666666666666666,0.0,11,0.2413793103448276,2.3126168456570855,49.31103846290328
1,replay::GearSwitch-NA,10,1.0,0.8268398268398268,0.6666666666666666,0.0,11,0.2413793103448276,2.3126168456570855,49.31103846290328
1,replay::IndicatorLeft-NA,11,1.0,0.8268398268398268,0.6666666666666666,0.0,11,0.2413793103448276,2.3126168456570855,49.31103846290328
2,replay::KeyFob-LockUnlock,1,0.0,0.38756613756613756,0.16666666666666666,0.0,9,0.05357142857142857,4.178161289010729,5.471298612224358
2,fuzzing::IndicatorLeft-CRC,2,0.16666666666666666,0.38756613756613756,0.16666666666666666,0.0,9,0.05357142857142857,4.178161289010729,5.471298612224358
2,v_mode::IndicatorLeft-ModifySignal_OriginalCRC,3,0.16666666666666666,0.38756613756613756,0.16666666666666666,0.0,9,0.05357142857142857,4.178161289010729,5.471298612224358
2,fuzzing::CAN9-WholePayload_50ms,4,0.25,0.38756613756613756,0.16666666666666666,0.0,9,0.05357142857142857,4.178161289010729,5.471298612224358
2,advanced::GearSwitch-NA,5,0.2857142857142857,0.38756613756613756,0.16666666666666666,0.0,9,0.05357142857142857,4.178161289010729,5.471298612224358
2,v_mode::IndicatorLeft-Drop,6,0.2857142857142857,0.38756613756613756,0.16666666666666666,0.0,9,0.05357142857142857,4.178161289010729,5.471298612224358
2,spoofing::GearSwitch-NA,7,0.3333333333333333,0.38756613756613756,0.16666666666666666,0.0,9,0.05357142857142857,4.178161289010729,5.471298612224358
2,dos::Sunroof-Flooding,8,1.0,0.38756613756613756,0.16666666666666666,0.0,9,0.05357142857142857,4.178161289010729,5.471298612224358
2,fuzzing::CAN8-WholePayload_20ms,9,1.0,0.38756613756613756,0.16666666666666666,0.0,9,0.05357142857142857,4.178161289010729,5.471298612224358
