family,budget_fae_h,cooldown_seconds,observation_count,independence_note,mechanism_macro_tpr_mean,mechanism_macro_tpr_min,mechanism_macro_tpr_max,der_100ms_mean,der_100ms_min,der_100ms_max,outer_normal_fae_h_mean,outer_normal_fae_h_min,outer_normal_fae_h_max,rmttd_5s_mean,rmttd_5s_min,rmttd_5s_max
HGB,10.0,0.1,3,3 folds,0.32025227858561195,0.196969696969697,0.4198717948717948,0.11008483853311439,0.03571428571428571,0.20833333333333334,2.9857647691582874,2.1439581940392727,4.1034739591682685,4.1886959887185995,3.783201860056983,4.491465654866449
HGB,10.0,1.0,3,3 folds,0.32025227858561195,0.196969696969697,0.4198717948717948,0.11008483853311439,0.03571428571428571,0.20833333333333334,2.6846689742396967,1.8065747695115477,4.1034739591682685,4.1886959887185995,3.783201860056983,4.491465654866449
HGB,10.0,5.0,3,3 folds,0.32025227858561195,0.196969696969697,0.4198717948717948,0.11008483853311439,0.03571428571428571,0.20833333333333334,2.6846689742396967,1.8065747695115477,4.1034739591682685,4.1886959887185995,3.783201860056983,4.491465654866449
HGB,30.0,0.1,3,3 folds,0.5597165180498513,0.38756613756613756,0.8268398268398268,0.16776135741652984,0.05357142857142857,0.2413793103448276,28.229629634283352,5.471298612224358,72.89457859733528,3.431016800047337,2.329830757502852,4.195303589105606
HGB,30.0,1.0,3,3 folds,0.5688740272073606,0.38756613756613756,0.8268398268398268,0.1723909870461595,0.05357142857142857,0.2413793103448276,20.06735379455409,5.419724308534643,49.31103846290328,3.3969307132575053,2.3126168456570855,4.178161289010729
HGB,30.0,5.0,3,3 folds,0.5935653852320519,0.4616402116402116,0.8268398268398268,0.17834336799854042,0.07142857142857142,0.2413793103448276,13.334383417517683,4.516436923778869,30.01541471654982,3.3946688674190493,2.3126168456570855,4.171375751495361
HGB,60.0,0.1,3,3 folds,0.6411289327955995,0.4616402116402116,0.932900432900433,0.20133187374566686,0.07142857142857142,0.3103448275862069,50.23511553490413,5.471298612224358,130.78144983639564,3.1784430034696527,1.8345942990533237,4.171375751495361
HGB,60.0,1.0,3,3 folds,0.688968438968439,0.4801587301587301,0.932900432900433,0.20728425469804782,0.08928571428571429,0.3103448275862069,36.741482868503795,8.206947918336537,85.75832776157091,3.102867029706528,1.8070495210844895,3.9988636800221036
HGB,60.0,5.0,3,3 folds,0.7256046422713088,0.548941798941799,0.9740259740259739,0.24564404305783616,0.19444444444444445,0.3103448275862069,30.678875847740287,9.936161232313513,64.31874582117818,2.8716190903807965,1.597693110334462,3.6766357918580375
LR,10.0,0.1,3,3 folds,0.15856365856365853,0.0,0.25274725274725274,0.05555555555555555,0.0,0.16666666666666666,38.61283700879795,0.0,102.97476186215822,4.60181157856152,3.9787374436855316,5.0
LR,10.0,1.0,3,3 folds,0.15856365856365853,0.0,0.25274725274725274,0.06018518518518518,0.0,0.18055555555555555,14.713808068719999,0.0,33.42163323596363,4.600361916335302,3.9743884570068784,5.0
LR,10.0,5.0,3,3 folds,0.15856365856365853,0.0,0.25274725274725274,0.06018518518518518,0.0,0.18055555555555555,8.57943102883893,0.0,17.1624603103597,4.600361916335302,3.9743884570068784,5.0
LR,30.0,0.1,3,3 folds,0.2674963924963925,0.0,0.49296536796536794,0.1039272030651341,0.0,0.20833333333333334,78.11816664430616,0.0,157.17200494750463,4.423094879773994,3.9022471374935574,5.0
LR,30.0,1.0,3,3 folds,0.34626484626484627,0.0,0.6926406926406926,0.12931034482758622,0.0,0.25,55.94022642770983,32.82779167334615,77.18249498541383,4.2353723644829655,3.6898949576748743,5.0
LR,30.0,5.0,3,3 folds,0.39675602175602176,0.0,0.7337662337662337,0.13393997445721584,0.0,0.2638888888888889,39.124250807724195,21.885194448897433,55.7429130450211,4.1295346240507085,3.5167028738392725,5.0
LR,60.0,0.1,3,3 folds,0.38816738816738816,0.0,0.8311688311688311,0.12691570881226055,0.0,0.20833333333333334,167.1161443260136,56.080810775299675,263.70685786683055,4.043127847585642,3.2281469887700576,5.0
LR,60.0,1.0,3,3 folds,0.4334970584970585,0.0,0.8311688311688311,0.14543422733077907,0.0,0.2638888888888889,142.38353058175062,76.77942770424077,202.43804865230126,3.9014144906747994,3.1878721755126427,5.0
LR,60.0,5.0,3,3 folds,0.5626688126688126,0.2222222222222222,0.8311688311688311,0.13968710089399747,0.0,0.2638888888888889,81.67399317641313,66.84326647192727,90.27642710170191,3.5999811526970404,3.069554077254401,4.482176171881812
TCN,10.0,0.1,9,3 folds x 3 frozen seeds; not 9 independent datasets,0.2858694803139248,0.0,0.6829004329004329,0.039674937663443405,0.0,0.08620689655172414,11.817443486549234,0.0,55.7429130450211,4.670510354800678,3.964054124108676,5.0
TCN,10.0,1.0,9,3 folds x 3 frozen seeds; not 9 independent datasets,0.3104606299050744,0.0,0.6829004329004329,0.039674937663443405,0.0,0.08620689655172414,7.8398535308317845,0.0,27.87145652251055,4.670413688398847,3.964054124108676,5.0
TCN,10.0,5.0,9,3 folds x 3 frozen seeds; not 9 independent datasets,0.3104606299050744,0.0,0.6829004329004329,0.039674937663443405,0.0,0.08620689655172414,5.357312494704172,0.0,15.00770735827491,4.670413688398847,3.964054124108676,5.0
TCN,30.0,0.1,9,3 folds x 3 frozen seeds; not 9 independent datasets,0.5256415395304282,0.29298941798941797,0.7261904761904762,0.08993948792799367,0.03571428571428571,0.16666666666666666,36.47106998909959,8.206947918336537,57.88687123906037,4.138288364362624,3.4337106479538813,4.57396873831749
TCN,30.0,1.0,9,3 folds x 3 frozen seeds; not 9 independent datasets,0.5539141928030816,0.29298941798941797,0.8024891774891775,0.09339840661679741,0.03571428571428571,0.1527777777777778,24.952760391902867,2.735649306112179,44.26108185303292,3.9928903579041304,3.304036855697632,4.57396873831749
TCN,30.0,5.0,9,3 folds x 3 frozen seeds; not 9 independent datasets,0.6255056671723339,0.30291005291005285,0.8024891774891775,0.11566472054977803,0.03571428571428571,0.19444444444444445,25.514925253926762,2.735649306112179,58.816460081411854,3.817445195367184,3.0864744981129966,4.57396873831749
TCN,60.0,0.1,9,3 folds x 3 frozen seeds; not 9 independent datasets,0.6763781486003708,0.5,0.8436147186147186,0.12602627257799673,0.06896551724137931,0.18055555555555555,64.05410548361584,27.356493061121792,98.48337502003845,3.657355816569604,3.240658548143175,3.9997319281101227
TCN,60.0,1.0,9,3 folds x 3 frozen seeds; not 9 independent datasets,0.7108986692320026,0.5,0.8825757575757577,0.14227178738672994,0.06896551724137931,0.20833333333333334,49.60654393671532,13.678246530560896,87.54077779558973,3.492130878405843,2.854177607430352,3.9997319281101227
TCN,60.0,5.0,9,3 folds x 3 frozen seeds; not 9 independent datasets,0.784151548040437,0.5873015873015873,0.9756493506493507,0.157703886152162,0.06896551724137931,0.3194444444444444,47.94494936570048,17.15166555231418,94.37990106087018,3.4128539339147443,2.749590231312646,4.081497877836227
