outer_fold,trace_name,family,attack_mechanism_group,role,is_outer_test_attack,r_t_label_is_model_input,filename_attack_semantics_is_model_input
0,Advanced-FastDriving-DrivingSchool-Break-NA.log,advanced,advanced::Break-NA,outer_test_attack,1,False,False
0,Advanced-FastDriving-DrivingSchool-GearSwitch-NA.log,advanced,advanced::GearSwitch-NA,model_train_attack,0,False,False
0,Advanced-FastDriving-DrivingSchool-Indicator-Flam_Direction.log,advanced,advanced::Indicator-Flam_Direction,outer_test_attack,1,False,False
0,Advanced-FastDriving-DrivingSchool-Indicator-NA.log,advanced,advanced::Indicator-NA,model_train_attack,0,False,False
0,Advanced-ReverseDriving-DrivingSchool-Break-NA.log,advanced,advanced::Break-NA,outer_test_attack,1,False,False
0,Advanced-ReverseDriving-DrivingSchool-GearSwitch-NA.log,advanced,advanced::GearSwitch-NA,model_train_attack,0,False,False
0,Advanced-ReverseDriving-DrivingSchool-ICWarningLights-NA.log,advanced,advanced::ICWarningLights-NA,model_train_attack,0,False,False
0,Advanced-ReverseDriving-DrivingSchool-Indicator-Flam_Direction.log,advanced,advanced::Indicator-Flam_Direction,outer_test_attack,1,False,False
0,Advanced-ReverseDriving-DrivingSchool-Indicator-NA.log,advanced,advanced::Indicator-NA,model_train_attack,0,False,False
0,Advanced-ReverseDriving-University-Break-NA.log,advanced,advanced::Break-NA,outer_test_attack,1,False,False
0,Advanced-ReverseDriving-University-GearSwitch-NA.log,advanced,advanced::GearSwitch-NA,model_train_attack,0,False,False
0,Advanced-ReverseDriving-University-ICWarningLights-NA.log,advanced,advanced::ICWarningLights-NA,model_train_attack,0,False,False
0,Advanced-ReverseDriving-University-Indicator-Flam_Direction.log,advanced,advanced::Indicator-Flam_Direction,outer_test_attack,1,False,False
0,Advanced-ReverseDriving-University-Indicator-NA.log,advanced,advanced::Indicator-NA,model_train_attack,0,False,False
0,Advanced-SlowDriving-DrivingSchool-Break-NA.log,advanced,advanced::Break-NA,outer_test_attack,1,False,False
0,Advanced-SlowDriving-DrivingSchool-GearSwitch-NA.log,advanced,advanced::GearSwitch-NA,model_train_attack,0,False,False
0,Advanced-SlowDriving-DrivingSchool-ICWarningLights-NA.log,advanced,advanced::ICWarningLights-NA,model_train_attack,0,False,False
0,Advanced-SlowDriving-DrivingSchool-Indicator-Flam_Direction.log,advanced,advanced::Indicator-Flam_Direction,outer_test_attack,1,False,False
0,Advanced-SlowDriving-DrivingSchool-Indicator-NA.log,advanced,advanced::Indicator-NA,model_train_attack,0,False,False
0,Advanced-SlowDriving-University-Break-NA_1.log,advanced,advanced::Break-NA,outer_test_attack,1,False,False
0,Advanced-SlowDriving-University-Break-NA_2.log,advanced,advanced::Break-NA,outer_test_attack,1,False,False
0,Advanced-SlowDriving-University-GearSwitch-NA_1.log,advanced,advanced::GearSwitch-NA,model_train_attack,0,False,False
0,Advanced-SlowDriving-University-GearSwitch-NA_2.log,advanced,advanced::GearSwitch-NA,model_train_attack,0,False,False
0,Advanced-SlowDriving-University-ICWarningLights-NA_1.log,advanced,advanced::ICWarningLights-NA,model_train_attack,0,False,False
0,Advanced-SlowDriving-University-ICWarningLights-NA_2.log,advanced,advanced::ICWarningLights-NA,model_train_attack,0,False,False
0,Advanced-SlowDriving-University-ICWarningLights-NA_3.log,advanced,advanced::ICWarningLights-NA,model_train_attack,0,False,False
0,Advanced-SlowDriving-University-Indicator-Flam_Direction_1.log,advanced,advanced::Indicator-Flam_Direction,outer_test_attack,1,False,False
0,Advanced-SlowDriving-University-Indicator-Flam_Direction_2.log,advanced,advanced::Indicator-Flam_Direction,outer_test_attack,1,False,False
0,Advanced-SlowDriving-University-Indicator-NA_1.log,advanced,advanced::Indicator-NA,model_train_attack,0,False,False
0,Advanced-SlowDriving-University-Indicator-NA_2.log,advanced,advanced::Indicator-NA,model_train_attack,0,False,False
0,Advanced-Standstill-University-Break-NA.log,advanced,advanced::Break-NA,outer_test_attack,1,False,False
0,Advanced-Standstill-University-GearSwitch-NA.log,advanced,advanced::GearSwitch-NA,model_train_attack,0,False,False
0,Advanced-Standstill-University-ICWarningLights-NA.log,advanced,advanced::ICWarningLights-NA,model_train_attack,0,False,False
0,Advanced-Standstill-University-Indicator-Flam_Direction.log,advanced,advanced::Indicator-Flam_Direction,outer_test_attack,1,False,False
0,Advanced-Standstill-University-Indicator-NA.log,advanced,advanced::Indicator-NA,model_train_attack,0,False,False
0,Benign-FastDriving-DrivingSchool-NA-NA.log,benign,benign,outer_test_normal,0,False,False
0,Benign-ReverseDriving-DrivingSchool-NA-NA.log,benign,benign,outer_test_normal,0,False,False
0,Benign-ReverseDriving-University-NA-NA_1.log,benign,benign,model_train_normal,0,False,False
0,Benign-ReverseDriving-University-NA-NA_2.log,benign,benign,normal_calibration,0,False,False
0,Benign-SlowDriving-DrivingSchool-NA-NA.log,benign,benign,model_train_normal,0,False,False
0,Benign-SlowDriving-University-NA-GearSwitch.log,benign,benign,model_train_normal,0,False,False
0,Benign-SlowDriving-University-NA-Indicators.log,benign,benign,outer_test_normal,0,False,False
0,Benign-SlowDriving-University-NA-NA_1.log,benign,benign,model_train_normal,0,False,False
0,Benign-SlowDriving-University-NA-NA_2.log,benign,benign,normal_calibration,0,False,False
0,Benign-SlowDriving-University-NA-Sunroof.log,benign,benign,model_train_normal,0,False,False
0,Benign-Standstill-University-NA-BusSilence.log,benign,benign,model_train_normal,0,False,False
0,Benign-Standstill-University-NA-BusSilenceWakeUp.log,benign,benign,model_train_normal,0,False,False
0,Benign-Standstill-University-NA-GearSwitch.log,benign,benign,outer_test_normal,0,False,False
0,Benign-Standstill-University-NA-IVI_DownloadGames.log,benign,benign,model_train_normal,0,False,False
0,Benign-Standstill-University-NA-IVI_Update.log,benign,benign,outer_test_normal,0,False,False
0,Benign-Standstill-University-NA-IgnitionOff.log,benign,benign,model_train_normal,0,False,False
0,Benign-Standstill-University-NA-IgnitionOff_FailedUpdate.log,benign,benign,outer_test_normal,0,False,False
0,Benign-Standstill-University-NA-IgnitionOff_LockUnlock.log,benign,benign,normal_calibration,0,False,False
0,Benign-Standstill-University-NA-Indicators.log,benign,benign,model_train_normal,0,False,False
0,Benign-Standstill-University-NA-NA_1.log,benign,benign,model_train_normal,0,False,False
0,Benign-Standstill-University-NA-NA_2.log,benign,benign,model_train_normal,0,False,False
0,Benign-Standstill-University-NA-Sunroof.log,benign,benign,model_train_normal,0,False,False
0,Benign-Standstill-University-NA-T1_DeleteDTC_1.log,benign,benign,model_train_normal,0,False,False
0,Benign-Standstill-University-NA-T1_DeleteDTC_2.log,benign,benign,outer_test_normal,0,False,False
0,Benign-Standstill-University-NA-T1_ReadDTC_1.log,benign,benign,model_train_normal,0,False,False
0,Benign-Standstill-University-NA-T1_ReadDTC_2.log,benign,benign,normal_calibration,0,False,False
0,Benign-Standstill-University-NA-T1_ReadMisc.log,benign,benign,model_train_normal,0,False,False
0,Benign-Standstill-University-NA-T1_RecognizeCar.log,benign,benign,outer_test_normal,0,False,False
0,Benign-Standstill-University-NA-T2_ControlSunroof.log,benign,benign,model_train_normal,0,False,False
0,Benign-Standstill-University-NA-T2_DeleteDTC.log,benign,benign,outer_test_normal,0,False,False
0,Benign-Standstill-University-NA-T2_Discovery.log,benign,benign,normal_calibration,0,False,False
0,Benign-Standstill-University-NA-T2_ReadAfterDeleteDTC.log,benign,benign,outer_test_normal,0,False,False
0,Benign-Standstill-University-NA-T2_ReadDTC.log,benign,benign,outer_test_normal,0,False,False
0,Benign-Standstill-University-NA-T2_ReadHVBatteryCheck.log,benign,benign,normal_calibration,0,False,False
0,Benign-Standstill-University-NA-T2_ReadMilage.log,benign,benign,normal_calibration,0,False,False
0,Benign-Standstill-University-NA-T2_ReadMiscBatteryData.log,benign,benign,model_train_normal,0,False,False
0,Benign-Standstill-University-NA-T2_ReadSunroofData.log,benign,benign,outer_test_normal,0,False,False
0,Benign-Standstill-University-NA-T2_ReadTelemetricData.log,benign,benign,outer_test_normal,0,False,False
0,Benign-Standstill-University-NA-T2_ReadVIN.log,benign,benign,model_train_normal,0,False,False
0,DoS-FastDriving-DrivingSchool-CAN7-NA.log,dos,dos::CAN7-NA,outer_test_attack,1,False,False
0,DoS-FastDriving-DrivingSchool-IndicatorLeft-Flam.log,dos,dos::IndicatorLeft-Flam,model_train_attack,0,False,False
0,DoS-FastDriving-DrivingSchool-Sunroof-Flooding.log,dos,dos::Sunroof-Flooding,model_train_attack,0,False,False
0,DoS-ReverseDriving-DrivingSchool-CAN7-NA.log,dos,dos::CAN7-NA,outer_test_attack,1,False,False
0,DoS-ReverseDriving-DrivingSchool-IndicatorLeft-Flam.log,dos,dos::IndicatorLeft-Flam,model_train_attack,0,False,False
0,DoS-ReverseDriving-DrivingSchool-Sunroof-Flooding.log,dos,dos::Sunroof-Flooding,model_train_attack,0,False,False
0,DoS-ReverseDriving-University-CAN7-NA.log,dos,dos::CAN7-NA,outer_test_attack,1,False,False
0,DoS-ReverseDriving-University-IndicatorLeft-Flam.log,dos,dos::IndicatorLeft-Flam,model_train_attack,0,False,False
0,DoS-ReverseDriving-University-Sunroof-Flooding.log,dos,dos::Sunroof-Flooding,model_train_attack,0,False,False
0,DoS-SlowDriving-DrivingSchool-CAN7-NA_1.log,dos,dos::CAN7-NA,outer_test_attack,1,False,False
0,DoS-SlowDriving-DrivingSchool-CAN7-NA_2.log,dos,dos::CAN7-NA,outer_test_attack,1,False,False
0,DoS-SlowDriving-DrivingSchool-IndicatorLeft-Flam.log,dos,dos::IndicatorLeft-Flam,model_train_attack,0,False,False
0,DoS-SlowDriving-DrivingSchool-Sunroof-Flooding.log,dos,dos::Sunroof-Flooding,model_train_attack,0,False,False
0,DoS-SlowDriving-University-CAN7-NA_1.log,dos,dos::CAN7-NA,outer_test_attack,1,False,False
0,DoS-SlowDriving-University-CAN7-NA_2.log,dos,dos::CAN7-NA,outer_test_attack,1,False,False
0,DoS-SlowDriving-University-IndicatorLeft-Flam_1.log,dos,dos::IndicatorLeft-Flam,model_train_attack,0,False,False
0,DoS-SlowDriving-University-IndicatorLeft-Flam_2.log,dos,dos::IndicatorLeft-Flam,model_train_attack,0,False,False
0,DoS-SlowDriving-University-Sunroof-Flooding_1.log,dos,dos::Sunroof-Flooding,model_train_attack,0,False,False
0,DoS-SlowDriving-University-Sunroof-Flooding_2.log,dos,dos::Sunroof-Flooding,model_train_attack,0,False,False
0,DoS-SlowDriving-University-Sunroof-Flooding_3.log,dos,dos::Sunroof-Flooding,model_train_attack,0,False,False
0,DoS-Standstill-University-CAN7-NA.log,dos,dos::CAN7-NA,outer_test_attack,1,False,False
0,DoS-Standstill-University-IndicatorLeft-Flam.log,dos,dos::IndicatorLeft-Flam,model_train_attack,0,False,False
0,DoS-Standstill-University-Sunroof-Flooding.log,dos,dos::Sunroof-Flooding,model_train_attack,0,False,False
0,Ethernet-ReverseDriving-University-RearCamera-ReplaceRTP_1.log,ethernet,excluded_ethernet_only,excluded_from_can_primary,0,False,False
0,Ethernet-ReverseDriving-University-RearCamera-ReplaceRTP_2.log,ethernet,excluded_ethernet_only,excluded_from_can_primary,0,False,False
0,Ethernet-ReverseDriving-University-RearCamera-ReplaceRTP_3.log,ethernet,excluded_ethernet_only,excluded_from_can_primary,0,False,False
0,Ethernet-SlowDriving-University-RearCamera-ReplaceRTP.log,ethernet,excluded_ethernet_only,excluded_from_can_primary,0,False,False
0,Ethernet-Standstill-University-Emergency-Nmap_sS_IPSpoofing_vlan4_1.log,ethernet,excluded_ethernet_only,excluded_from_can_primary,0,False,False
0,Ethernet-Standstill-University-Emergency-Nmap_sS_IPSpoofing_vlan4_2.log,ethernet,excluded_ethernet_only,excluded_from_can_primary,0,False,False
0,Ethernet-Standstill-University-Emergency-Nmap_sS_IPSpoofing_vlan4_3.log,ethernet,excluded_ethernet_only,excluded_from_can_primary,0,False,False
0,Ethernet-Standstill-University-Emergency-Nmap_sS_IPSpoofing_vlan4_4.log,ethernet,excluded_ethernet_only,excluded_from_can_primary,0,False,False
0,Ethernet-Standstill-University-Emergency-Nmap_sS_p49000_50000_IPSpoofing_vlan4.log,ethernet,excluded_ethernet_only,excluded_from_can_primary,0,False,False
0,Ethernet-Standstill-University-Emergency-Nmap_sS_p49000_50000_MACSpoofing_IPSpoofing_vlan4.log,ethernet,excluded_ethernet_only,excluded_from_can_primary,0,False,False
0,Ethernet-Standstill-University-Emergency-Nmap_sS_p8000_10000_vlan4.log,ethernet,excluded_ethernet_only,excluded_from_can_primary,0,False,False
0,Ethernet-Standstill-University-IVI-Nmap_sA_MACSpoofing_vlan3_1.log,ethernet,excluded_ethernet_only,excluded_from_can_primary,0,False,False
0,Ethernet-Standstill-University-IVI-Nmap_sA_MACSpoofing_vlan3_2.log,ethernet,excluded_ethernet_only,excluded_from_can_primary,0,False,False
0,Ethernet-Standstill-University-IVI-Nmap_sA_MACSpoofing_vlan3_3.log,ethernet,excluded_ethernet_only,excluded_from_can_primary,0,False,False
0,Ethernet-Standstill-University-IVI-Nmap_sA_p49000_50000.log,ethernet,excluded_ethernet_only,excluded_from_can_primary,0,False,False
0,Ethernet-Standstill-University-IVI-Nmap_sA_p49000_50000_IPSpoofing_vlan3.log,ethernet,excluded_ethernet_only,excluded_from_can_primary,0,False,False
0,Ethernet-Standstill-University-IVI-Nmap_sF_p49000_50000.log,ethernet,excluded_ethernet_only,excluded_from_can_primary,0,False,False
0,Ethernet-Standstill-University-IVI-Nmap_sF_p49000_50000_IPSpoofing_vlan3.log,ethernet,excluded_ethernet_only,excluded_from_can_primary,0,False,False
0,Ethernet-Standstill-University-IVI-Nmap_sS_MACSpoofing_IPSpoofing_InvalidIP_vlan3.log,ethernet,excluded_ethernet_only,excluded_from_can_primary,0,False,False
0,Ethernet-Standstill-University-IVI-Nmap_sS_MACSpoofing_IPSpoofing_vlan3.log,ethernet,excluded_ethernet_only,excluded_from_can_primary,0,False,False
0,Ethernet-Standstill-University-IVI-Nmap_sS_MACSpoofing_vlan3_1.log,ethernet,excluded_ethernet_only,excluded_from_can_primary,0,False,False
0,Ethernet-Standstill-University-IVI-Nmap_sS_MACSpoofing_vlan3_2.log,ethernet,excluded_ethernet_only,excluded_from_can_primary,0,False,False
0,Ethernet-Standstill-University-IVI-Nmap_sS_p1_1024.log,ethernet,excluded_ethernet_only,excluded_from_can_primary,0,False,False
0,Ethernet-Standstill-University-IVI-Nmap_sS_p49000_50000_IPSpoofing_vlan3_1.log,ethernet,excluded_ethernet_only,excluded_from_can_primary,0,False,False
0,Ethernet-Standstill-University-IVI-Nmap_sS_p49000_50000_IPSpoofing_vlan3_2.log,ethernet,excluded_ethernet_only,excluded_from_can_primary,0,False,False
0,Ethernet-Standstill-University-IVI-Nmap_sS_p49000_50000_MACSpoofing_vlan3_1.log,ethernet,excluded_ethernet_only,excluded_from_can_primary,0,False,False
0,Ethernet-Standstill-University-IVI-Nmap_sS_p49000_50000_MACSpoofing_vlan3_2.log,ethernet,excluded_ethernet_only,excluded_from_can_primary,0,False,False
0,Ethernet-Standstill-University-IVI-Nmap_sS_p49000_50000_MACSpoofing_vlan3_3.log,ethernet,excluded_ethernet_only,excluded_from_can_primary,0,False,False
0,Ethernet-Standstill-University-IVI-Nmap_sS_p49000_50000_vlan3.log,ethernet,excluded_ethernet_only,excluded_from_can_primary,0,False,False
0,Ethernet-Standstill-University-IVI-RestAPI_Crash_vlan3.log,ethernet,excluded_ethernet_only,excluded_from_can_primary,0,False,False
0,Ethernet-Standstill-University-RearCamera-ReplaceRTP.log,ethernet,excluded_ethernet_only,excluded_from_can_primary,0,False,False
0,Fuzzing-FastDriving-DrivingSchool-GearSwitch-CRC.log,fuzzing,fuzzing::GearSwitch-CRC,outer_test_attack,1,False,False
0,Fuzzing-FastDriving-DrivingSchool-IndicatorLeft-CRC.log,fuzzing,fuzzing::IndicatorLeft-CRC,model_train_attack,0,False,False
0,Fuzzing-FastDriving-DrivingSchool-Sunroof-Signal.log,fuzzing,fuzzing::Sunroof-Signal,outer_test_attack,1,False,False
0,Fuzzing-FastDriving-University-CAN1-WholePayload_20ms.log,fuzzing,fuzzing::CAN1-WholePayload_20ms,model_train_attack,0,False,False
0,Fuzzing-FastDriving-University-CAN4-WholePayload_20ms.log,fuzzing,fuzzing::CAN4-WholePayload_20ms,model_train_attack,0,False,False
0,Fuzzing-FastDriving-University-CAN8-WholePayload_20ms.log,fuzzing,fuzzing::CAN8-WholePayload_20ms,model_train_attack,0,False,False
0,Fuzzing-FastDriving-University-CAN9-WholePayload_50ms.log,fuzzing,fuzzing::CAN9-WholePayload_50ms,model_train_attack,0,False,False
0,Fuzzing-ReverseDriving-DrivingSchool-GearSwitch-CRC.log,fuzzing,fuzzing::GearSwitch-CRC,outer_test_attack,1,False,False
0,Fuzzing-ReverseDriving-DrivingSchool-IndicatorLeft-CRC.log,fuzzing,fuzzing::IndicatorLeft-CRC,model_train_attack,0,False,False
0,Fuzzing-ReverseDriving-DrivingSchool-Sunroof-Signal.log,fuzzing,fuzzing::Sunroof-Signal,outer_test_attack,1,False,False
0,Fuzzing-ReverseDriving-University-CAN1-WholePayload_20ms.log,fuzzing,fuzzing::CAN1-WholePayload_20ms,model_train_attack,0,False,False
0,Fuzzing-ReverseDriving-University-CAN4-WholePayload_20ms.log,fuzzing,fuzzing::CAN4-WholePayload_20ms,model_train_attack,0,False,False
0,Fuzzing-ReverseDriving-University-CAN8-WholePayload_20ms.log,fuzzing,fuzzing::CAN8-WholePayload_20ms,model_train_attack,0,False,False
0,Fuzzing-ReverseDriving-University-CAN9-WholePayload_50ms.log,fuzzing,fuzzing::CAN9-WholePayload_50ms,model_train_attack,0,False,False
0,Fuzzing-ReverseDriving-University-GearSwitch-CRC.log,fuzzing,fuzzing::GearSwitch-CRC,outer_test_attack,1,False,False
0,Fuzzing-ReverseDriving-University-IndicatorLeft-CRC.log,fuzzing,fuzzing::IndicatorLeft-CRC,model_train_attack,0,False,False
0,Fuzzing-ReverseDriving-University-Sunroof-Signal.log,fuzzing,fuzzing::Sunroof-Signal,outer_test_attack,1,False,False
0,Fuzzing-SlowDriving-DrivingSchool-GearSwitch-CRC.log,fuzzing,fuzzing::GearSwitch-CRC,outer_test_attack,1,False,False
0,Fuzzing-SlowDriving-DrivingSchool-IndicatorLeft-CRC.log,fuzzing,fuzzing::IndicatorLeft-CRC,model_train_attack,0,False,False
0,Fuzzing-SlowDriving-DrivingSchool-Sunroof-Signal.log,fuzzing,fuzzing::Sunroof-Signal,outer_test_attack,1,False,False
0,Fuzzing-SlowDriving-University-CAN1-WholePayload_20ms.log,fuzzing,fuzzing::CAN1-WholePayload_20ms,model_train_attack,0,False,False
0,Fuzzing-SlowDriving-University-CAN4-WholePayload_20ms.log,fuzzing,fuzzing::CAN4-WholePayload_20ms,model_train_attack,0,False,False
0,Fuzzing-SlowDriving-University-CAN8-WholePayload_20ms.log,fuzzing,fuzzing::CAN8-WholePayload_20ms,model_train_attack,0,False,False
0,Fuzzing-SlowDriving-University-CAN9-WholePayload_50ms.log,fuzzing,fuzzing::CAN9-WholePayload_50ms,model_train_attack,0,False,False
0,Fuzzing-SlowDriving-University-GearSwitch-CRC_1.log,fuzzing,fuzzing::GearSwitch-CRC,outer_test_attack,1,False,False
0,Fuzzing-SlowDriving-University-GearSwitch-CRC_2.log,fuzzing,fuzzing::GearSwitch-CRC,outer_test_attack,1,False,False
0,Fuzzing-SlowDriving-University-IndicatorLeft-CRC.log,fuzzing,fuzzing::IndicatorLeft-CRC,model_train_attack,0,False,False
0,Fuzzing-SlowDriving-University-Sunroof-Signal.log,fuzzing,fuzzing::Sunroof-Signal,outer_test_attack,1,False,False
0,Fuzzing-Standstill-University-CAN1-RandIDs_WholePayload_20ms.log,fuzzing,fuzzing::CAN1-RandIDs_WholePayload_20ms,outer_test_attack,1,False,False
0,Fuzzing-Standstill-University-CAN1-WholePayload_20ms.log,fuzzing,fuzzing::CAN1-WholePayload_20ms,model_train_attack,0,False,False
0,Fuzzing-Standstill-University-CAN4-RandIDs_WholePayload_20ms.log,fuzzing,fuzzing::CAN4-RandIDs_WholePayload_20ms,model_train_attack,0,False,False
0,Fuzzing-Standstill-University-CAN4-WholePayload_20ms.log,fuzzing,fuzzing::CAN4-WholePayload_20ms,model_train_attack,0,False,False
0,Fuzzing-Standstill-University-CAN8-WholePayload_20ms.log,fuzzing,fuzzing::CAN8-WholePayload_20ms,model_train_attack,0,False,False
0,Fuzzing-Standstill-University-CAN9-WholePayload_50ms.log,fuzzing,fuzzing::CAN9-WholePayload_50ms,model_train_attack,0,False,False
0,Fuzzing-Standstill-University-IndicatorLeft-CRC.log,fuzzing,fuzzing::IndicatorLeft-CRC,model_train_attack,0,False,False
0,Fuzzing-Standstill-University-Sunroof-Signal.log,fuzzing,fuzzing::Sunroof-Signal,outer_test_attack,1,False,False
0,Replay-FastDriving-DrivingSchool-CAN7-NA_1.log,replay,replay::CAN7-NA,outer_test_attack,1,False,False
0,Replay-FastDriving-DrivingSchool-CAN7-NA_2.log,replay,replay::CAN7-NA,outer_test_attack,1,False,False
0,Replay-FastDriving-DrivingSchool-GearSwitch-NA.log,replay,replay::GearSwitch-NA,model_train_attack,0,False,False
0,Replay-FastDriving-DrivingSchool-IndicatorLeft-NA_1.log,replay,replay::IndicatorLeft-NA,model_train_attack,0,False,False
0,Replay-FastDriving-DrivingSchool-IndicatorLeft-NA_2.log,replay,replay::IndicatorLeft-NA,model_train_attack,0,False,False
0,Replay-FastDriving-DrivingSchool-KeyFob-LockUnlock_1.log,replay,replay::KeyFob-LockUnlock,model_train_attack,0,False,False
0,Replay-FastDriving-DrivingSchool-KeyFob-LockUnlock_2.log,replay,replay::KeyFob-LockUnlock,model_train_attack,0,False,False
0,Replay-FastDriving-DrivingSchool-Sunroof-NA_1.log,replay,replay::Sunroof-NA,outer_test_attack,1,False,False
0,Replay-FastDriving-DrivingSchool-Sunroof-NA_2.log,replay,replay::Sunroof-NA,outer_test_attack,1,False,False
0,Replay-ReverseDriving-DrivingSchool-CAN7-NA.log,replay,replay::CAN7-NA,outer_test_attack,1,False,False
0,Replay-ReverseDriving-DrivingSchool-GearSwitch-NA.log,replay,replay::GearSwitch-NA,model_train_attack,0,False,False
0,Replay-ReverseDriving-DrivingSchool-IndicatorLeft-NA.log,replay,replay::IndicatorLeft-NA,model_train_attack,0,False,False
0,Replay-ReverseDriving-DrivingSchool-KeyFob-LockUnlock.log,replay,replay::KeyFob-LockUnlock,model_train_attack,0,False,False
0,Replay-ReverseDriving-DrivingSchool-Sunroof-NA.log,replay,replay::Sunroof-NA,outer_test_attack,1,False,False
0,Replay-ReverseDriving-University-IndicatorLeft-NA.log,replay,replay::IndicatorLeft-NA,model_train_attack,0,False,False
0,Replay-ReverseDriving-University-KeyFob-LockUnlock.log,replay,replay::KeyFob-LockUnlock,model_train_attack,0,False,False
0,Replay-ReverseDriving-University-Sunroof-NA.log,replay,replay::Sunroof-NA,outer_test_attack,1,False,False
0,Replay-SlowDriving-DrivingSchool-CAN7-NA.log,replay,replay::CAN7-NA,outer_test_attack,1,False,False
0,Replay-SlowDriving-DrivingSchool-GearSwitch-NA.log,replay,replay::GearSwitch-NA,model_train_attack,0,False,False
0,Replay-SlowDriving-DrivingSchool-IndicatorLeft-NA.log,replay,replay::IndicatorLeft-NA,model_train_attack,0,False,False
0,Replay-SlowDriving-DrivingSchool-KeyFob-LockUnlock.log,replay,replay::KeyFob-LockUnlock,model_train_attack,0,False,False
0,Replay-SlowDriving-DrivingSchool-Sunroof-NA.log,replay,replay::Sunroof-NA,outer_test_attack,1,False,False
0,Replay-SlowDriving-University-CAN7-NA.log,replay,replay::CAN7-NA,outer_test_attack,1,False,False
0,Replay-SlowDriving-University-GearSwitch-NA.log,replay,replay::GearSwitch-NA,model_train_attack,0,False,False
0,Replay-SlowDriving-University-IndicatorLeft-NA_1.log,replay,replay::IndicatorLeft-NA,model_train_attack,0,False,False
0,Replay-SlowDriving-University-IndicatorLeft-NA_2.log,replay,replay::IndicatorLeft-NA,model_train_attack,0,False,False
0,Replay-SlowDriving-University-KeyFob-LockUnlock_1.log,replay,replay::KeyFob-LockUnlock,model_train_attack,0,False,False
0,Replay-SlowDriving-University-KeyFob-LockUnlock_2.log,replay,replay::KeyFob-LockUnlock,model_train_attack,0,False,False
0,Replay-SlowDriving-University-Sunroof-NA_1.log,replay,replay::Sunroof-NA,outer_test_attack,1,False,False
0,Replay-SlowDriving-University-Sunroof-NA_2.log,replay,replay::Sunroof-NA,outer_test_attack,1,False,False
0,Replay-Standstill-DrivingSchool-CAN7-NA.log,replay,replay::CAN7-NA,outer_test_attack,1,False,False
0,Replay-Standstill-University-GearSwitch-NA_1.log,replay,replay::GearSwitch-NA,model_train_attack,0,False,False
0,Replay-Standstill-University-GearSwitch-NA_2.log,replay,replay::GearSwitch-NA,model_train_attack,0,False,False
0,Replay-Standstill-University-IndicatorLeft-NA.log,replay,replay::IndicatorLeft-NA,model_train_attack,0,False,False
0,Replay-Standstill-University-KeyFob-LockUnlock.log,replay,replay::KeyFob-LockUnlock,model_train_attack,0,False,False
0,Replay-Standstill-University-Sunroof-NA.log,replay,replay::Sunroof-NA,outer_test_attack,1,False,False
0,Spoofing-FastDriving-DrivingSchool-GearSwitch-NA.log,spoofing,spoofing::GearSwitch-NA,model_train_attack,0,False,False
0,Spoofing-FastDriving-DrivingSchool-IndicatorLeft-NA.log,spoofing,spoofing::IndicatorLeft-NA,outer_test_attack,1,False,False
0,Spoofing-FastDriving-DrivingSchool-Sunroof-NA.log,spoofing,spoofing::Sunroof-NA,model_train_attack,0,False,False
0,Spoofing-FastDriving-DrivingSchool-UnusedID-NA.log,spoofing,spoofing::UnusedID-NA,outer_test_attack,1,False,False
0,Spoofing-ReverseDriving-DrivingSchool-GearSwitch-NA.log,spoofing,spoofing::GearSwitch-NA,model_train_attack,0,False,False
0,Spoofing-ReverseDriving-DrivingSchool-IndicatorLeft-NA.log,spoofing,spoofing::IndicatorLeft-NA,outer_test_attack,1,False,False
0,Spoofing-ReverseDriving-DrivingSchool-Sunroof-NA.log,spoofing,spoofing::Sunroof-NA,model_train_attack,0,False,False
0,Spoofing-ReverseDriving-DrivingSchool-UnusedID-NA.log,spoofing,spoofing::UnusedID-NA,outer_test_attack,1,False,False
0,Spoofing-ReverseDriving-University-GearSwitch-NA.log,spoofing,spoofing::GearSwitch-NA,model_train_attack,0,False,False
0,Spoofing-ReverseDriving-University-IndicatorLeft-NA.log,spoofing,spoofing::IndicatorLeft-NA,outer_test_attack,1,False,False
0,Spoofing-ReverseDriving-University-Sunroof-NA.log,spoofing,spoofing::Sunroof-NA,model_train_attack,0,False,False
0,Spoofing-ReverseDriving-University-UnusedID-NA.log,spoofing,spoofing::UnusedID-NA,outer_test_attack,1,False,False
0,Spoofing-SlowDriving-DrivingSchool-GearSwitch-NA.log,spoofing,spoofing::GearSwitch-NA,model_train_attack,0,False,False
0,Spoofing-SlowDriving-DrivingSchool-IndicatorLeft-NA.log,spoofing,spoofing::IndicatorLeft-NA,outer_test_attack,1,False,False
0,Spoofing-SlowDriving-DrivingSchool-Sunroof-NA.log,spoofing,spoofing::Sunroof-NA,model_train_attack,0,False,False
0,Spoofing-SlowDriving-DrivingSchool-UnusedID-NA.log,spoofing,spoofing::UnusedID-NA,outer_test_attack,1,False,False
0,Spoofing-SlowDriving-University-GearSwitch-NA.log,spoofing,spoofing::GearSwitch-NA,model_train_attack,0,False,False
0,Spoofing-SlowDriving-University-IndicatorLeft-NA.log,spoofing,spoofing::IndicatorLeft-NA,outer_test_attack,1,False,False
0,Spoofing-SlowDriving-University-Sunroof-NA.log,spoofing,spoofing::Sunroof-NA,model_train_attack,0,False,False
0,Spoofing-SlowDriving-University-UnusedID-NA.log,spoofing,spoofing::UnusedID-NA,outer_test_attack,1,False,False
0,Spoofing-Standstill-University-GearSwitch-NA.log,spoofing,spoofing::GearSwitch-NA,model_train_attack,0,False,False
0,Spoofing-Standstill-University-IndicatorLeft-NA.log,spoofing,spoofing::IndicatorLeft-NA,outer_test_attack,1,False,False
0,Spoofing-Standstill-University-Sunroof-NA.log,spoofing,spoofing::Sunroof-NA,model_train_attack,0,False,False
0,Spoofing-Standstill-University-UnusedID-NA.log,spoofing,spoofing::UnusedID-NA,outer_test_attack,1,False,False
0,UDS-Standstill-University-NA-CaringCaribou_Auto_1.log,uds,uds::NA-CaringCaribou_Auto,outer_test_attack,1,False,False
0,UDS-Standstill-University-NA-CaringCaribou_Auto_2.log,uds,uds::NA-CaringCaribou_Auto,outer_test_attack,1,False,False
0,Vmode-FastDriving-DrivingSchool-IndicatorLeft-Drop.log,v_mode,v_mode::IndicatorLeft-Drop,model_train_attack,0,False,False
0,Vmode-FastDriving-DrivingSchool-IndicatorLeft-ModifySignal_ForgedCRC.log,v_mode,v_mode::IndicatorLeft-ModifySignal_ForgedCRC,model_train_attack,0,False,False
0,Vmode-FastDriving-DrivingSchool-IndicatorLeft-ModifySignal_OriginalCRC.log,v_mode,v_mode::IndicatorLeft-ModifySignal_OriginalCRC,model_train_attack,0,False,False
0,Vmode-FastDriving-University-GearSwitch-Drop.log,v_mode,v_mode::GearSwitch-Drop,outer_test_attack,1,False,False
0,Vmode-FastDriving-University-GearSwitch-Inverted_ForgedCRC.log,v_mode,v_mode::GearSwitch-Inverted_ForgedCRC,outer_test_attack,1,False,False
0,Vmode-ReverseDriving-DrivingSchool-IndicatorLeft-Drop.log,v_mode,v_mode::IndicatorLeft-Drop,model_train_attack,0,False,False
0,Vmode-ReverseDriving-DrivingSchool-IndicatorLeft-ModifySignal_ForgedCRC.log,v_mode,v_mode::IndicatorLeft-ModifySignal_ForgedCRC,model_train_attack,0,False,False
0,Vmode-ReverseDriving-DrivingSchool-IndicatorLeft-ModifySignal_OriginalCRC.log,v_mode,v_mode::IndicatorLeft-ModifySignal_OriginalCRC,model_train_attack,0,False,False
0,Vmode-ReverseDriving-University-GearSwitch-Drop.log,v_mode,v_mode::GearSwitch-Drop,outer_test_attack,1,False,False
0,Vmode-ReverseDriving-University-GearSwitch-Inverted_ForgedCRC.log,v_mode,v_mode::GearSwitch-Inverted_ForgedCRC,outer_test_attack,1,False,False
0,Vmode-ReverseDriving-University-IndicatorLeft-Drop.log,v_mode,v_mode::IndicatorLeft-Drop,model_train_attack,0,False,False
0,Vmode-ReverseDriving-University-IndicatorLeft-ModifySignal_ForgedCRC.log,v_mode,v_mode::IndicatorLeft-ModifySignal_ForgedCRC,model_train_attack,0,False,False
0,Vmode-ReverseDriving-University-IndicatorLeft-ModifySignal_OriginalCRC.log,v_mode,v_mode::IndicatorLeft-ModifySignal_OriginalCRC,model_train_attack,0,False,False
0,Vmode-SlowDriving-DrivingSchool-IndicatorLeft-Drop.log,v_mode,v_mode::IndicatorLeft-Drop,model_train_attack,0,False,False
0,Vmode-SlowDriving-DrivingSchool-IndicatorLeft-ModifySignal_ForgedCRC.log,v_mode,v_mode::IndicatorLeft-ModifySignal_ForgedCRC,model_train_attack,0,False,False
0,Vmode-SlowDriving-DrivingSchool-IndicatorLeft-ModifySignal_OriginalCRC.log,v_mode,v_mode::IndicatorLeft-ModifySignal_OriginalCRC,model_train_attack,0,False,False
0,Vmode-SlowDriving-University-GearSwitch-Drop_1.log,v_mode,v_mode::GearSwitch-Drop,outer_test_attack,1,False,False
0,Vmode-SlowDriving-University-GearSwitch-Drop_2.log,v_mode,v_mode::GearSwitch-Drop,outer_test_attack,1,False,False
0,Vmode-SlowDriving-University-GearSwitch-Inverted_ForgedCRC.log,v_mode,v_mode::GearSwitch-Inverted_ForgedCRC,outer_test_attack,1,False,False
0,Vmode-SlowDriving-University-IndicatorLeft-Drop.log,v_mode,v_mode::IndicatorLeft-Drop,model_train_attack,0,False,False
0,Vmode-SlowDriving-University-IndicatorLeft-ModifySignal_ForgedCRC.log,v_mode,v_mode::IndicatorLeft-ModifySignal_ForgedCRC,model_train_attack,0,False,False
0,Vmode-SlowDriving-University-IndicatorLeft-ModifySignal_OriginalCRC.log,v_mode,v_mode::IndicatorLeft-ModifySignal_OriginalCRC,model_train_attack,0,False,False
0,Vmode-Standstill-DrivingSchool-IndicatorLeft-Drop.log,v_mode,v_mode::IndicatorLeft-Drop,model_train_attack,0,False,False
0,Vmode-Standstill-DrivingSchool-IndicatorLeft-ModifySignal_ForgedCRC.log,v_mode,v_mode::IndicatorLeft-ModifySignal_ForgedCRC,model_train_attack,0,False,False
0,Vmode-Standstill-University-GearSwitch-Drop_1.log,v_mode,v_mode::GearSwitch-Drop,outer_test_attack,1,False,False
0,Vmode-Standstill-University-GearSwitch-Drop_2.log,v_mode,v_mode::GearSwitch-Drop,outer_test_attack,1,False,False
0,Vmode-Standstill-University-GearSwitch-Inverted_ForgedCRC.log,v_mode,v_mode::GearSwitch-Inverted_ForgedCRC,outer_test_attack,1,False,False
0,Vmode-Standstill-University-IndicatorLeft-Drop.log,v_mode,v_mode::IndicatorLeft-Drop,model_train_attack,0,False,False
0,Vmode-Standstill-University-IndicatorLeft-ModifySignal_ForgedCRC.log,v_mode,v_mode::IndicatorLeft-ModifySignal_ForgedCRC,model_train_attack,0,False,False
0,Vmode-Standstill-University-IndicatorLeft-ModifySignal_OriginalCRC.log,v_mode,v_mode::IndicatorLeft-ModifySignal_OriginalCRC,model_train_attack,0,False,False
0,Vmode-Standstill-University-KeyFob-Delay.log,v_mode,v_mode::KeyFob-Delay,model_train_attack,0,False,False
0,Vmode-Standstill-University-KeyFob-Drop.log,v_mode,v_mode::KeyFob-Drop,outer_test_attack,1,False,False
1,Advanced-FastDriving-DrivingSchool-Break-NA.log,advanced,advanced::Break-NA,model_train_attack,0,False,False
1,Advanced-FastDriving-DrivingSchool-GearSwitch-NA.log,advanced,advanced::GearSwitch-NA,model_train_attack,0,False,False
1,Advanced-FastDriving-DrivingSchool-Indicator-Flam_Direction.log,advanced,advanced::Indicator-Flam_Direction,model_train_attack,0,False,False
1,Advanced-FastDriving-DrivingSchool-Indicator-NA.log,advanced,advanced::Indicator-NA,outer_test_attack,1,False,False
1,Advanced-ReverseDriving-DrivingSchool-Break-NA.log,advanced,advanced::Break-NA,model_train_attack,0,False,False
1,Advanced-ReverseDriving-DrivingSchool-GearSwitch-NA.log,advanced,advanced::GearSwitch-NA,model_train_attack,0,False,False
1,Advanced-ReverseDriving-DrivingSchool-ICWarningLights-NA.log,advanced,advanced::ICWarningLights-NA,outer_test_attack,1,False,False
1,Advanced-ReverseDriving-DrivingSchool-Indicator-Flam_Direction.log,advanced,advanced::Indicator-Flam_Direction,model_train_attack,0,False,False
1,Advanced-ReverseDriving-DrivingSchool-Indicator-NA.log,advanced,advanced::Indicator-NA,outer_test_attack,1,False,False
1,Advanced-ReverseDriving-University-Break-NA.log,advanced,advanced::Break-NA,model_train_attack,0,False,False
1,Advanced-ReverseDriving-University-GearSwitch-NA.log,advanced,advanced::GearSwitch-NA,model_train_attack,0,False,False
1,Advanced-ReverseDriving-University-ICWarningLights-NA.log,advanced,advanced::ICWarningLights-NA,outer_test_attack,1,False,False
1,Advanced-ReverseDriving-University-Indicator-Flam_Direction.log,advanced,advanced::Indicator-Flam_Direction,model_train_attack,0,False,False
1,Advanced-ReverseDriving-University-Indicator-NA.log,advanced,advanced::Indicator-NA,outer_test_attack,1,False,False
1,Advanced-SlowDriving-DrivingSchool-Break-NA.log,advanced,advanced::Break-NA,model_train_attack,0,False,False
1,Advanced-SlowDriving-DrivingSchool-GearSwitch-NA.log,advanced,advanced::GearSwitch-NA,model_train_attack,0,False,False
1,Advanced-SlowDriving-DrivingSchool-ICWarningLights-NA.log,advanced,advanced::ICWarningLights-NA,outer_test_attack,1,False,False
1,Advanced-SlowDriving-DrivingSchool-Indicator-Flam_Direction.log,advanced,advanced::Indicator-Flam_Direction,model_train_attack,0,False,False
1,Advanced-SlowDriving-DrivingSchool-Indicator-NA.log,advanced,advanced::Indicator-NA,outer_test_attack,1,False,False
1,Advanced-SlowDriving-University-Break-NA_1.log,advanced,advanced::Break-NA,model_train_attack,0,False,False
1,Advanced-SlowDriving-University-Break-NA_2.log,advanced,advanced::Break-NA,model_train_attack,0,False,False
1,Advanced-SlowDriving-University-GearSwitch-NA_1.log,advanced,advanced::GearSwitch-NA,model_train_attack,0,False,False
1,Advanced-SlowDriving-University-GearSwitch-NA_2.log,advanced,advanced::GearSwitch-NA,model_train_attack,0,False,False
1,Advanced-SlowDriving-University-ICWarningLights-NA_1.log,advanced,advanced::ICWarningLights-NA,outer_test_attack,1,False,False
1,Advanced-SlowDriving-University-ICWarningLights-NA_2.log,advanced,advanced::ICWarningLights-NA,outer_test_attack,1,False,False
1,Advanced-SlowDriving-University-ICWarningLights-NA_3.log,advanced,advanced::ICWarningLights-NA,outer_test_attack,1,False,False
1,Advanced-SlowDriving-University-Indicator-Flam_Direction_1.log,advanced,advanced::Indicator-Flam_Direction,model_train_attack,0,False,False
1,Advanced-SlowDriving-University-Indicator-Flam_Direction_2.log,advanced,advanced::Indicator-Flam_Direction,model_train_attack,0,False,False
1,Advanced-SlowDriving-University-Indicator-NA_1.log,advanced,advanced::Indicator-NA,outer_test_attack,1,False,False
1,Advanced-SlowDriving-University-Indicator-NA_2.log,advanced,advanced::Indicator-NA,outer_test_attack,1,False,False
1,Advanced-Standstill-University-Break-NA.log,advanced,advanced::Break-NA,model_train_attack,0,False,False
1,Advanced-Standstill-University-GearSwitch-NA.log,advanced,advanced::GearSwitch-NA,model_train_attack,0,False,False
1,Advanced-Standstill-University-ICWarningLights-NA.log,advanced,advanced::ICWarningLights-NA,outer_test_attack,1,False,False
1,Advanced-Standstill-University-Indicator-Flam_Direction.log,advanced,advanced::Indicator-Flam_Direction,model_train_attack,0,False,False
1,Advanced-Standstill-University-Indicator-NA.log,advanced,advanced::Indicator-NA,outer_test_attack,1,False,False
1,Benign-FastDriving-DrivingSchool-NA-NA.log,benign,benign,normal_calibration,0,False,False
1,Benign-ReverseDriving-DrivingSchool-NA-NA.log,benign,benign,model_train_normal,0,False,False
1,Benign-ReverseDriving-University-NA-NA_1.log,benign,benign,model_train_normal,0,False,False
1,Benign-ReverseDriving-University-NA-NA_2.log,benign,benign,model_train_normal,0,False,False
1,Benign-SlowDriving-DrivingSchool-NA-NA.log,benign,benign,model_train_normal,0,False,False
1,Benign-SlowDriving-University-NA-GearSwitch.log,benign,benign,model_train_normal,0,False,False
1,Benign-SlowDriving-University-NA-Indicators.log,benign,benign,normal_calibration,0,False,False
1,Benign-SlowDriving-University-NA-NA_1.log,benign,benign,outer_test_normal,0,False,False
1,Benign-SlowDriving-University-NA-NA_2.log,benign,benign,outer_test_normal,0,False,False
1,Benign-SlowDriving-University-NA-Sunroof.log,benign,benign,outer_test_normal,0,False,False
1,Benign-Standstill-University-NA-BusSilence.log,benign,benign,model_train_normal,0,False,False
1,Benign-Standstill-University-NA-BusSilenceWakeUp.log,benign,benign,outer_test_normal,0,False,False
1,Benign-Standstill-University-NA-GearSwitch.log,benign,benign,model_train_normal,0,False,False
1,Benign-Standstill-University-NA-IVI_DownloadGames.log,benign,benign,model_train_normal,0,False,False
1,Benign-Standstill-University-NA-IVI_Update.log,benign,benign,model_train_normal,0,False,False
1,Benign-Standstill-University-NA-IgnitionOff.log,benign,benign,model_train_normal,0,False,False
1,Benign-Standstill-University-NA-IgnitionOff_FailedUpdate.log,benign,benign,model_train_normal,0,False,False
1,Benign-Standstill-University-NA-IgnitionOff_LockUnlock.log,benign,benign,model_train_normal,0,False,False
1,Benign-Standstill-University-NA-Indicators.log,benign,benign,outer_test_normal,0,False,False
1,Benign-Standstill-University-NA-NA_1.log,benign,benign,outer_test_normal,0,False,False
1,Benign-Standstill-University-NA-NA_2.log,benign,benign,outer_test_normal,0,False,False
1,Benign-Standstill-University-NA-Sunroof.log,benign,benign,outer_test_normal,0,False,False
1,Benign-Standstill-University-NA-T1_DeleteDTC_1.log,benign,benign,model_train_normal,0,False,False
1,Benign-Standstill-University-NA-T1_DeleteDTC_2.log,benign,benign,model_train_normal,0,False,False
1,Benign-Standstill-University-NA-T1_ReadDTC_1.log,benign,benign,model_train_normal,0,False,False
1,Benign-Standstill-University-NA-T1_ReadDTC_2.log,benign,benign,normal_calibration,0,False,False
1,Benign-Standstill-University-NA-T1_ReadMisc.log,benign,benign,outer_test_normal,0,False,False
1,Benign-Standstill-University-NA-T1_RecognizeCar.log,benign,benign,model_train_normal,0,False,False
1,Benign-Standstill-University-NA-T2_ControlSunroof.log,benign,benign,outer_test_normal,0,False,False
1,Benign-Standstill-University-NA-T2_DeleteDTC.log,benign,benign,normal_calibration,0,False,False
1,Benign-Standstill-University-NA-T2_Discovery.log,benign,benign,outer_test_normal,0,False,False
1,Benign-Standstill-University-NA-T2_ReadAfterDeleteDTC.log,benign,benign,normal_calibration,0,False,False
1,Benign-Standstill-University-NA-T2_ReadDTC.log,benign,benign,model_train_normal,0,False,False
1,Benign-Standstill-University-NA-T2_ReadHVBatteryCheck.log,benign,benign,outer_test_normal,0,False,False
1,Benign-Standstill-University-NA-T2_ReadMilage.log,benign,benign,model_train_normal,0,False,False
1,Benign-Standstill-University-NA-T2_ReadMiscBatteryData.log,benign,benign,model_train_normal,0,False,False
1,Benign-Standstill-University-NA-T2_ReadSunroofData.log,benign,benign,normal_calibration,0,False,False
1,Benign-Standstill-University-NA-T2_ReadTelemetricData.log,benign,benign,normal_calibration,0,False,False
1,Benign-Standstill-University-NA-T2_ReadVIN.log,benign,benign,outer_test_normal,0,False,False
1,DoS-FastDriving-DrivingSchool-CAN7-NA.log,dos,dos::CAN7-NA,model_train_attack,0,False,False
1,DoS-FastDriving-DrivingSchool-IndicatorLeft-Flam.log,dos,dos::IndicatorLeft-Flam,outer_test_attack,1,False,False
1,DoS-FastDriving-DrivingSchool-Sunroof-Flooding.log,dos,dos::Sunroof-Flooding,model_train_attack,0,False,False
1,DoS-ReverseDriving-DrivingSchool-CAN7-NA.log,dos,dos::CAN7-NA,model_train_attack,0,False,False
1,DoS-ReverseDriving-DrivingSchool-IndicatorLeft-Flam.log,dos,dos::IndicatorLeft-Flam,outer_test_attack,1,False,False
1,DoS-ReverseDriving-DrivingSchool-Sunroof-Flooding.log,dos,dos::Sunroof-Flooding,model_train_attack,0,False,False
1,DoS-ReverseDriving-University-CAN7-NA.log,dos,dos::CAN7-NA,model_train_attack,0,False,False
1,DoS-ReverseDriving-University-IndicatorLeft-Flam.log,dos,dos::IndicatorLeft-Flam,outer_test_attack,1,False,False
1,DoS-ReverseDriving-University-Sunroof-Flooding.log,dos,dos::Sunroof-Flooding,model_train_attack,0,False,False
1,DoS-SlowDriving-DrivingSchool-CAN7-NA_1.log,dos,dos::CAN7-NA,model_train_attack,0,False,False
1,DoS-SlowDriving-DrivingSchool-CAN7-NA_2.log,dos,dos::CAN7-NA,model_train_attack,0,False,False
1,DoS-SlowDriving-DrivingSchool-IndicatorLeft-Flam.log,dos,dos::IndicatorLeft-Flam,outer_test_attack,1,False,False
1,DoS-SlowDriving-DrivingSchool-Sunroof-Flooding.log,dos,dos::Sunroof-Flooding,model_train_attack,0,False,False
1,DoS-SlowDriving-University-CAN7-NA_1.log,dos,dos::CAN7-NA,model_train_attack,0,False,False
1,DoS-SlowDriving-University-CAN7-NA_2.log,dos,dos::CAN7-NA,model_train_attack,0,False,False
1,DoS-SlowDriving-University-IndicatorLeft-Flam_1.log,dos,dos::IndicatorLeft-Flam,outer_test_attack,1,False,False
1,DoS-SlowDriving-University-IndicatorLeft-Flam_2.log,dos,dos::IndicatorLeft-Flam,outer_test_attack,1,False,False
1,DoS-SlowDriving-University-Sunroof-Flooding_1.log,dos,dos::Sunroof-Flooding,model_train_attack,0,False,False
1,DoS-SlowDriving-University-Sunroof-Flooding_2.log,dos,dos::Sunroof-Flooding,model_train_attack,0,False,False
1,DoS-SlowDriving-University-Sunroof-Flooding_3.log,dos,dos::Sunroof-Flooding,model_train_attack,0,False,False
1,DoS-Standstill-University-CAN7-NA.log,dos,dos::CAN7-NA,model_train_attack,0,False,False
1,DoS-Standstill-University-IndicatorLeft-Flam.log,dos,dos::IndicatorLeft-Flam,outer_test_attack,1,False,False
1,DoS-Standstill-University-Sunroof-Flooding.log,dos,dos::Sunroof-Flooding,model_train_attack,0,False,False
1,Ethernet-ReverseDriving-University-RearCamera-ReplaceRTP_1.log,ethernet,excluded_ethernet_only,excluded_from_can_primary,0,False,False
1,Ethernet-ReverseDriving-University-RearCamera-ReplaceRTP_2.log,ethernet,excluded_ethernet_only,excluded_from_can_primary,0,False,False
1,Ethernet-ReverseDriving-University-RearCamera-ReplaceRTP_3.log,ethernet,excluded_ethernet_only,excluded_from_can_primary,0,False,False
1,Ethernet-SlowDriving-University-RearCamera-ReplaceRTP.log,ethernet,excluded_ethernet_only,excluded_from_can_primary,0,False,False
1,Ethernet-Standstill-University-Emergency-Nmap_sS_IPSpoofing_vlan4_1.log,ethernet,excluded_ethernet_only,excluded_from_can_primary,0,False,False
1,Ethernet-Standstill-University-Emergency-Nmap_sS_IPSpoofing_vlan4_2.log,ethernet,excluded_ethernet_only,excluded_from_can_primary,0,False,False
1,Ethernet-Standstill-University-Emergency-Nmap_sS_IPSpoofing_vlan4_3.log,ethernet,excluded_ethernet_only,excluded_from_can_primary,0,False,False
1,Ethernet-Standstill-University-Emergency-Nmap_sS_IPSpoofing_vlan4_4.log,ethernet,excluded_ethernet_only,excluded_from_can_primary,0,False,False
1,Ethernet-Standstill-University-Emergency-Nmap_sS_p49000_50000_IPSpoofing_vlan4.log,ethernet,excluded_ethernet_only,excluded_from_can_primary,0,False,False
1,Ethernet-Standstill-University-Emergency-Nmap_sS_p49000_50000_MACSpoofing_IPSpoofing_vlan4.log,ethernet,excluded_ethernet_only,excluded_from_can_primary,0,False,False
1,Ethernet-Standstill-University-Emergency-Nmap_sS_p8000_10000_vlan4.log,ethernet,excluded_ethernet_only,excluded_from_can_primary,0,False,False
1,Ethernet-Standstill-University-IVI-Nmap_sA_MACSpoofing_vlan3_1.log,ethernet,excluded_ethernet_only,excluded_from_can_primary,0,False,False
1,Ethernet-Standstill-University-IVI-Nmap_sA_MACSpoofing_vlan3_2.log,ethernet,excluded_ethernet_only,excluded_from_can_primary,0,False,False
1,Ethernet-Standstill-University-IVI-Nmap_sA_MACSpoofing_vlan3_3.log,ethernet,excluded_ethernet_only,excluded_from_can_primary,0,False,False
1,Ethernet-Standstill-University-IVI-Nmap_sA_p49000_50000.log,ethernet,excluded_ethernet_only,excluded_from_can_primary,0,False,False
1,Ethernet-Standstill-University-IVI-Nmap_sA_p49000_50000_IPSpoofing_vlan3.log,ethernet,excluded_ethernet_only,excluded_from_can_primary,0,False,False
1,Ethernet-Standstill-University-IVI-Nmap_sF_p49000_50000.log,ethernet,excluded_ethernet_only,excluded_from_can_primary,0,False,False
1,Ethernet-Standstill-University-IVI-Nmap_sF_p49000_50000_IPSpoofing_vlan3.log,ethernet,excluded_ethernet_only,excluded_from_can_primary,0,False,False
1,Ethernet-Standstill-University-IVI-Nmap_sS_MACSpoofing_IPSpoofing_InvalidIP_vlan3.log,ethernet,excluded_ethernet_only,excluded_from_can_primary,0,False,False
1,Ethernet-Standstill-University-IVI-Nmap_sS_MACSpoofing_IPSpoofing_vlan3.log,ethernet,excluded_ethernet_only,excluded_from_can_primary,0,False,False
1,Ethernet-Standstill-University-IVI-Nmap_sS_MACSpoofing_vlan3_1.log,ethernet,excluded_ethernet_only,excluded_from_can_primary,0,False,False
1,Ethernet-Standstill-University-IVI-Nmap_sS_MACSpoofing_vlan3_2.log,ethernet,excluded_ethernet_only,excluded_from_can_primary,0,False,False
1,Ethernet-Standstill-University-IVI-Nmap_sS_p1_1024.log,ethernet,excluded_ethernet_only,excluded_from_can_primary,0,False,False
1,Ethernet-Standstill-University-IVI-Nmap_sS_p49000_50000_IPSpoofing_vlan3_1.log,ethernet,excluded_ethernet_only,excluded_from_can_primary,0,False,False
1,Ethernet-Standstill-University-IVI-Nmap_sS_p49000_50000_IPSpoofing_vlan3_2.log,ethernet,excluded_ethernet_only,excluded_from_can_primary,0,False,False
1,Ethernet-Standstill-University-IVI-Nmap_sS_p49000_50000_MACSpoofing_vlan3_1.log,ethernet,excluded_ethernet_only,excluded_from_can_primary,0,False,False
1,Ethernet-Standstill-University-IVI-Nmap_sS_p49000_50000_MACSpoofing_vlan3_2.log,ethernet,excluded_ethernet_only,excluded_from_can_primary,0,False,False
1,Ethernet-Standstill-University-IVI-Nmap_sS_p49000_50000_MACSpoofing_vlan3_3.log,ethernet,excluded_ethernet_only,excluded_from_can_primary,0,False,False
1,Ethernet-Standstill-University-IVI-Nmap_sS_p49000_50000_vlan3.log,ethernet,excluded_ethernet_only,excluded_from_can_primary,0,False,False
1,Ethernet-Standstill-University-IVI-RestAPI_Crash_vlan3.log,ethernet,excluded_ethernet_only,excluded_from_can_primary,0,False,False
1,Ethernet-Standstill-University-RearCamera-ReplaceRTP.log,ethernet,excluded_ethernet_only,excluded_from_can_primary,0,False,False
1,Fuzzing-FastDriving-DrivingSchool-GearSwitch-CRC.log,fuzzing,fuzzing::GearSwitch-CRC,model_train_attack,0,False,False
1,Fuzzing-FastDriving-DrivingSchool-IndicatorLeft-CRC.log,fuzzing,fuzzing::IndicatorLeft-CRC,model_train_attack,0,False,False
1,Fuzzing-FastDriving-DrivingSchool-Sunroof-Signal.log,fuzzing,fuzzing::Sunroof-Signal,model_train_attack,0,False,False
1,Fuzzing-FastDriving-University-CAN1-WholePayload_20ms.log,fuzzing,fuzzing::CAN1-WholePayload_20ms,outer_test_attack,1,False,False
1,Fuzzing-FastDriving-University-CAN4-WholePayload_20ms.log,fuzzing,fuzzing::CAN4-WholePayload_20ms,outer_test_attack,1,False,False
1,Fuzzing-FastDriving-University-CAN8-WholePayload_20ms.log,fuzzing,fuzzing::CAN8-WholePayload_20ms,model_train_attack,0,False,False
1,Fuzzing-FastDriving-University-CAN9-WholePayload_50ms.log,fuzzing,fuzzing::CAN9-WholePayload_50ms,model_train_attack,0,False,False
1,Fuzzing-ReverseDriving-DrivingSchool-GearSwitch-CRC.log,fuzzing,fuzzing::GearSwitch-CRC,model_train_attack,0,False,False
1,Fuzzing-ReverseDriving-DrivingSchool-IndicatorLeft-CRC.log,fuzzing,fuzzing::IndicatorLeft-CRC,model_train_attack,0,False,False
1,Fuzzing-ReverseDriving-DrivingSchool-Sunroof-Signal.log,fuzzing,fuzzing::Sunroof-Signal,model_train_attack,0,False,False
1,Fuzzing-ReverseDriving-University-CAN1-WholePayload_20ms.log,fuzzing,fuzzing::CAN1-WholePayload_20ms,outer_test_attack,1,False,False
1,Fuzzing-ReverseDriving-University-CAN4-WholePayload_20ms.log,fuzzing,fuzzing::CAN4-WholePayload_20ms,outer_test_attack,1,False,False
1,Fuzzing-ReverseDriving-University-CAN8-WholePayload_20ms.log,fuzzing,fuzzing::CAN8-WholePayload_20ms,model_train_attack,0,False,False
1,Fuzzing-ReverseDriving-University-CAN9-WholePayload_50ms.log,fuzzing,fuzzing::CAN9-WholePayload_50ms,model_train_attack,0,False,False
1,Fuzzing-ReverseDriving-University-GearSwitch-CRC.log,fuzzing,fuzzing::GearSwitch-CRC,model_train_attack,0,False,False
1,Fuzzing-ReverseDriving-University-IndicatorLeft-CRC.log,fuzzing,fuzzing::IndicatorLeft-CRC,model_train_attack,0,False,False
1,Fuzzing-ReverseDriving-University-Sunroof-Signal.log,fuzzing,fuzzing::Sunroof-Signal,model_train_attack,0,False,False
1,Fuzzing-SlowDriving-DrivingSchool-GearSwitch-CRC.log,fuzzing,fuzzing::GearSwitch-CRC,model_train_attack,0,False,False
1,Fuzzing-SlowDriving-DrivingSchool-IndicatorLeft-CRC.log,fuzzing,fuzzing::IndicatorLeft-CRC,model_train_attack,0,False,False
1,Fuzzing-SlowDriving-DrivingSchool-Sunroof-Signal.log,fuzzing,fuzzing::Sunroof-Signal,model_train_attack,0,False,False
1,Fuzzing-SlowDriving-University-CAN1-WholePayload_20ms.log,fuzzing,fuzzing::CAN1-WholePayload_20ms,outer_test_attack,1,False,False
1,Fuzzing-SlowDriving-University-CAN4-WholePayload_20ms.log,fuzzing,fuzzing::CAN4-WholePayload_20ms,outer_test_attack,1,False,False
1,Fuzzing-SlowDriving-University-CAN8-WholePayload_20ms.log,fuzzing,fuzzing::CAN8-WholePayload_20ms,model_train_attack,0,False,False
1,Fuzzing-SlowDriving-University-CAN9-WholePayload_50ms.log,fuzzing,fuzzing::CAN9-WholePayload_50ms,model_train_attack,0,False,False
1,Fuzzing-SlowDriving-University-GearSwitch-CRC_1.log,fuzzing,fuzzing::GearSwitch-CRC,model_train_attack,0,False,False
1,Fuzzing-SlowDriving-University-GearSwitch-CRC_2.log,fuzzing,fuzzing::GearSwitch-CRC,model_train_attack,0,False,False
1,Fuzzing-SlowDriving-University-IndicatorLeft-CRC.log,fuzzing,fuzzing::IndicatorLeft-CRC,model_train_attack,0,False,False
1,Fuzzing-SlowDriving-University-Sunroof-Signal.log,fuzzing,fuzzing::Sunroof-Signal,model_train_attack,0,False,False
1,Fuzzing-Standstill-University-CAN1-RandIDs_WholePayload_20ms.log,fuzzing,fuzzing::CAN1-RandIDs_WholePayload_20ms,model_train_attack,0,False,False
1,Fuzzing-Standstill-University-CAN1-WholePayload_20ms.log,fuzzing,fuzzing::CAN1-WholePayload_20ms,outer_test_attack,1,False,False
1,Fuzzing-Standstill-University-CAN4-RandIDs_WholePayload_20ms.log,fuzzing,fuzzing::CAN4-RandIDs_WholePayload_20ms,outer_test_attack,1,False,False
1,Fuzzing-Standstill-University-CAN4-WholePayload_20ms.log,fuzzing,fuzzing::CAN4-WholePayload_20ms,outer_test_attack,1,False,False
1,Fuzzing-Standstill-University-CAN8-WholePayload_20ms.log,fuzzing,fuzzing::CAN8-WholePayload_20ms,model_train_attack,0,False,False
1,Fuzzing-Standstill-University-CAN9-WholePayload_50ms.log,fuzzing,fuzzing::CAN9-WholePayload_50ms,model_train_attack,0,False,False
1,Fuzzing-Standstill-University-IndicatorLeft-CRC.log,fuzzing,fuzzing::IndicatorLeft-CRC,model_train_attack,0,False,False
1,Fuzzing-Standstill-University-Sunroof-Signal.log,fuzzing,fuzzing::Sunroof-Signal,model_train_attack,0,False,False
1,Replay-FastDriving-DrivingSchool-CAN7-NA_1.log,replay,replay::CAN7-NA,model_train_attack,0,False,False
1,Replay-FastDriving-DrivingSchool-CAN7-NA_2.log,replay,replay::CAN7-NA,model_train_attack,0,False,False
1,Replay-FastDriving-DrivingSchool-GearSwitch-NA.log,replay,replay::GearSwitch-NA,outer_test_attack,1,False,False
1,Replay-FastDriving-DrivingSchool-IndicatorLeft-NA_1.log,replay,replay::IndicatorLeft-NA,outer_test_attack,1,False,False
1,Replay-FastDriving-DrivingSchool-IndicatorLeft-NA_2.log,replay,replay::IndicatorLeft-NA,outer_test_attack,1,False,False
1,Replay-FastDriving-DrivingSchool-KeyFob-LockUnlock_1.log,replay,replay::KeyFob-LockUnlock,model_train_attack,0,False,False
1,Replay-FastDriving-DrivingSchool-KeyFob-LockUnlock_2.log,replay,replay::KeyFob-LockUnlock,model_train_attack,0,False,False
1,Replay-FastDriving-DrivingSchool-Sunroof-NA_1.log,replay,replay::Sunroof-NA,model_train_attack,0,False,False
1,Replay-FastDriving-DrivingSchool-Sunroof-NA_2.log,replay,replay::Sunroof-NA,model_train_attack,0,False,False
1,Replay-ReverseDriving-DrivingSchool-CAN7-NA.log,replay,replay::CAN7-NA,model_train_attack,0,False,False
1,Replay-ReverseDriving-DrivingSchool-GearSwitch-NA.log,replay,replay::GearSwitch-NA,outer_test_attack,1,False,False
1,Replay-ReverseDriving-DrivingSchool-IndicatorLeft-NA.log,replay,replay::IndicatorLeft-NA,outer_test_attack,1,False,False
1,Replay-ReverseDriving-DrivingSchool-KeyFob-LockUnlock.log,replay,replay::KeyFob-LockUnlock,model_train_attack,0,False,False
1,Replay-ReverseDriving-DrivingSchool-Sunroof-NA.log,replay,replay::Sunroof-NA,model_train_attack,0,False,False
1,Replay-ReverseDriving-University-IndicatorLeft-NA.log,replay,replay::IndicatorLeft-NA,outer_test_attack,1,False,False
1,Replay-ReverseDriving-University-KeyFob-LockUnlock.log,replay,replay::KeyFob-LockUnlock,model_train_attack,0,False,False
1,Replay-ReverseDriving-University-Sunroof-NA.log,replay,replay::Sunroof-NA,model_train_attack,0,False,False
1,Replay-SlowDriving-DrivingSchool-CAN7-NA.log,replay,replay::CAN7-NA,model_train_attack,0,False,False
1,Replay-SlowDriving-DrivingSchool-GearSwitch-NA.log,replay,replay::GearSwitch-NA,outer_test_attack,1,False,False
1,Replay-SlowDriving-DrivingSchool-IndicatorLeft-NA.log,replay,replay::IndicatorLeft-NA,outer_test_attack,1,False,False
1,Replay-SlowDriving-DrivingSchool-KeyFob-LockUnlock.log,replay,replay::KeyFob-LockUnlock,model_train_attack,0,False,False
1,Replay-SlowDriving-DrivingSchool-Sunroof-NA.log,replay,replay::Sunroof-NA,model_train_attack,0,False,False
1,Replay-SlowDriving-University-CAN7-NA.log,replay,replay::CAN7-NA,model_train_attack,0,False,False
1,Replay-SlowDriving-University-GearSwitch-NA.log,replay,replay::GearSwitch-NA,outer_test_attack,1,False,False
1,Replay-SlowDriving-University-IndicatorLeft-NA_1.log,replay,replay::IndicatorLeft-NA,outer_test_attack,1,False,False
1,Replay-SlowDriving-University-IndicatorLeft-NA_2.log,replay,replay::IndicatorLeft-NA,outer_test_attack,1,False,False
1,Replay-SlowDriving-University-KeyFob-LockUnlock_1.log,replay,replay::KeyFob-LockUnlock,model_train_attack,0,False,False
1,Replay-SlowDriving-University-KeyFob-LockUnlock_2.log,replay,replay::KeyFob-LockUnlock,model_train_attack,0,False,False
1,Replay-SlowDriving-University-Sunroof-NA_1.log,replay,replay::Sunroof-NA,model_train_attack,0,False,False
1,Replay-SlowDriving-University-Sunroof-NA_2.log,replay,replay::Sunroof-NA,model_train_attack,0,False,False
1,Replay-Standstill-DrivingSchool-CAN7-NA.log,replay,replay::CAN7-NA,model_train_attack,0,False,False
1,Replay-Standstill-University-GearSwitch-NA_1.log,replay,replay::GearSwitch-NA,outer_test_attack,1,False,False
1,Replay-Standstill-University-GearSwitch-NA_2.log,replay,replay::GearSwitch-NA,outer_test_attack,1,False,False
1,Replay-Standstill-University-IndicatorLeft-NA.log,replay,replay::IndicatorLeft-NA,outer_test_attack,1,False,False
1,Replay-Standstill-University-KeyFob-LockUnlock.log,replay,replay::KeyFob-LockUnlock,model_train_attack,0,False,False
1,Replay-Standstill-University-Sunroof-NA.log,replay,replay::Sunroof-NA,model_train_attack,0,False,False
1,Spoofing-FastDriving-DrivingSchool-GearSwitch-NA.log,spoofing,spoofing::GearSwitch-NA,model_train_attack,0,False,False
1,Spoofing-FastDriving-DrivingSchool-IndicatorLeft-NA.log,spoofing,spoofing::IndicatorLeft-NA,model_train_attack,0,False,False
1,Spoofing-FastDriving-DrivingSchool-Sunroof-NA.log,spoofing,spoofing::Sunroof-NA,outer_test_attack,1,False,False
1,Spoofing-FastDriving-DrivingSchool-UnusedID-NA.log,spoofing,spoofing::UnusedID-NA,model_train_attack,0,False,False
1,Spoofing-ReverseDriving-DrivingSchool-GearSwitch-NA.log,spoofing,spoofing::GearSwitch-NA,model_train_attack,0,False,False
1,Spoofing-ReverseDriving-DrivingSchool-IndicatorLeft-NA.log,spoofing,spoofing::IndicatorLeft-NA,model_train_attack,0,False,False
1,Spoofing-ReverseDriving-DrivingSchool-Sunroof-NA.log,spoofing,spoofing::Sunroof-NA,outer_test_attack,1,False,False
1,Spoofing-ReverseDriving-DrivingSchool-UnusedID-NA.log,spoofing,spoofing::UnusedID-NA,model_train_attack,0,False,False
1,Spoofing-ReverseDriving-University-GearSwitch-NA.log,spoofing,spoofing::GearSwitch-NA,model_train_attack,0,False,False
1,Spoofing-ReverseDriving-University-IndicatorLeft-NA.log,spoofing,spoofing::IndicatorLeft-NA,model_train_attack,0,False,False
1,Spoofing-ReverseDriving-University-Sunroof-NA.log,spoofing,spoofing::Sunroof-NA,outer_test_attack,1,False,False
1,Spoofing-ReverseDriving-University-UnusedID-NA.log,spoofing,spoofing::UnusedID-NA,model_train_attack,0,False,False
1,Spoofing-SlowDriving-DrivingSchool-GearSwitch-NA.log,spoofing,spoofing::GearSwitch-NA,model_train_attack,0,False,False
1,Spoofing-SlowDriving-DrivingSchool-IndicatorLeft-NA.log,spoofing,spoofing::IndicatorLeft-NA,model_train_attack,0,False,False
1,Spoofing-SlowDriving-DrivingSchool-Sunroof-NA.log,spoofing,spoofing::Sunroof-NA,outer_test_attack,1,False,False
1,Spoofing-SlowDriving-DrivingSchool-UnusedID-NA.log,spoofing,spoofing::UnusedID-NA,model_train_attack,0,False,False
1,Spoofing-SlowDriving-University-GearSwitch-NA.log,spoofing,spoofing::GearSwitch-NA,model_train_attack,0,False,False
1,Spoofing-SlowDriving-University-IndicatorLeft-NA.log,spoofing,spoofing::IndicatorLeft-NA,model_train_attack,0,False,False
1,Spoofing-SlowDriving-University-Sunroof-NA.log,spoofing,spoofing::Sunroof-NA,outer_test_attack,1,False,False
1,Spoofing-SlowDriving-University-UnusedID-NA.log,spoofing,spoofing::UnusedID-NA,model_train_attack,0,False,False
1,Spoofing-Standstill-University-GearSwitch-NA.log,spoofing,spoofing::GearSwitch-NA,model_train_attack,0,False,False
1,Spoofing-Standstill-University-IndicatorLeft-NA.log,spoofing,spoofing::IndicatorLeft-NA,model_train_attack,0,False,False
1,Spoofing-Standstill-University-Sunroof-NA.log,spoofing,spoofing::Sunroof-NA,outer_test_attack,1,False,False
1,Spoofing-Standstill-University-UnusedID-NA.log,spoofing,spoofing::UnusedID-NA,model_train_attack,0,False,False
1,UDS-Standstill-University-NA-CaringCaribou_Auto_1.log,uds,uds::NA-CaringCaribou_Auto,model_train_attack,0,False,False
1,UDS-Standstill-University-NA-CaringCaribou_Auto_2.log,uds,uds::NA-CaringCaribou_Auto,model_train_attack,0,False,False
1,Vmode-FastDriving-DrivingSchool-IndicatorLeft-Drop.log,v_mode,v_mode::IndicatorLeft-Drop,model_train_attack,0,False,False
1,Vmode-FastDriving-DrivingSchool-IndicatorLeft-ModifySignal_ForgedCRC.log,v_mode,v_mode::IndicatorLeft-ModifySignal_ForgedCRC,outer_test_attack,1,False,False
1,Vmode-FastDriving-DrivingSchool-IndicatorLeft-ModifySignal_OriginalCRC.log,v_mode,v_mode::IndicatorLeft-ModifySignal_OriginalCRC,model_train_attack,0,False,False
1,Vmode-FastDriving-University-GearSwitch-Drop.log,v_mode,v_mode::GearSwitch-Drop,model_train_attack,0,False,False
1,Vmode-FastDriving-University-GearSwitch-Inverted_ForgedCRC.log,v_mode,v_mode::GearSwitch-Inverted_ForgedCRC,model_train_attack,0,False,False
1,Vmode-ReverseDriving-DrivingSchool-IndicatorLeft-Drop.log,v_mode,v_mode::IndicatorLeft-Drop,model_train_attack,0,False,False
1,Vmode-ReverseDriving-DrivingSchool-IndicatorLeft-ModifySignal_ForgedCRC.log,v_mode,v_mode::IndicatorLeft-ModifySignal_ForgedCRC,outer_test_attack,1,False,False
1,Vmode-ReverseDriving-DrivingSchool-IndicatorLeft-ModifySignal_OriginalCRC.log,v_mode,v_mode::IndicatorLeft-ModifySignal_OriginalCRC,model_train_attack,0,False,False
1,Vmode-ReverseDriving-University-GearSwitch-Drop.log,v_mode,v_mode::GearSwitch-Drop,model_train_attack,0,False,False
1,Vmode-ReverseDriving-University-GearSwitch-Inverted_ForgedCRC.log,v_mode,v_mode::GearSwitch-Inverted_ForgedCRC,model_train_attack,0,False,False
1,Vmode-ReverseDriving-University-IndicatorLeft-Drop.log,v_mode,v_mode::IndicatorLeft-Drop,model_train_attack,0,False,False
1,Vmode-ReverseDriving-University-IndicatorLeft-ModifySignal_ForgedCRC.log,v_mode,v_mode::IndicatorLeft-ModifySignal_ForgedCRC,outer_test_attack,1,False,False
1,Vmode-ReverseDriving-University-IndicatorLeft-ModifySignal_OriginalCRC.log,v_mode,v_mode::IndicatorLeft-ModifySignal_OriginalCRC,model_train_attack,0,False,False
1,Vmode-SlowDriving-DrivingSchool-IndicatorLeft-Drop.log,v_mode,v_mode::IndicatorLeft-Drop,model_train_attack,0,False,False
1,Vmode-SlowDriving-DrivingSchool-IndicatorLeft-ModifySignal_ForgedCRC.log,v_mode,v_mode::IndicatorLeft-ModifySignal_ForgedCRC,outer_test_attack,1,False,False
1,Vmode-SlowDriving-DrivingSchool-IndicatorLeft-ModifySignal_OriginalCRC.log,v_mode,v_mode::IndicatorLeft-ModifySignal_OriginalCRC,model_train_attack,0,False,False
1,Vmode-SlowDriving-University-GearSwitch-Drop_1.log,v_mode,v_mode::GearSwitch-Drop,model_train_attack,0,False,False
1,Vmode-SlowDriving-University-GearSwitch-Drop_2.log,v_mode,v_mode::GearSwitch-Drop,model_train_attack,0,False,False
1,Vmode-SlowDriving-University-GearSwitch-Inverted_ForgedCRC.log,v_mode,v_mode::GearSwitch-Inverted_ForgedCRC,model_train_attack,0,False,False
1,Vmode-SlowDriving-University-IndicatorLeft-Drop.log,v_mode,v_mode::IndicatorLeft-Drop,model_train_attack,0,False,False
1,Vmode-SlowDriving-University-IndicatorLeft-ModifySignal_ForgedCRC.log,v_mode,v_mode::IndicatorLeft-ModifySignal_ForgedCRC,outer_test_attack,1,False,False
1,Vmode-SlowDriving-University-IndicatorLeft-ModifySignal_OriginalCRC.log,v_mode,v_mode::IndicatorLeft-ModifySignal_OriginalCRC,model_train_attack,0,False,False
1,Vmode-Standstill-DrivingSchool-IndicatorLeft-Drop.log,v_mode,v_mode::IndicatorLeft-Drop,model_train_attack,0,False,False
1,Vmode-Standstill-DrivingSchool-IndicatorLeft-ModifySignal_ForgedCRC.log,v_mode,v_mode::IndicatorLeft-ModifySignal_ForgedCRC,outer_test_attack,1,False,False
1,Vmode-Standstill-University-GearSwitch-Drop_1.log,v_mode,v_mode::GearSwitch-Drop,model_train_attack,0,False,False
1,Vmode-Standstill-University-GearSwitch-Drop_2.log,v_mode,v_mode::GearSwitch-Drop,model_train_attack,0,False,False
1,Vmode-Standstill-University-GearSwitch-Inverted_ForgedCRC.log,v_mode,v_mode::GearSwitch-Inverted_ForgedCRC,model_train_attack,0,False,False
1,Vmode-Standstill-University-IndicatorLeft-Drop.log,v_mode,v_mode::IndicatorLeft-Drop,model_train_attack,0,False,False
1,Vmode-Standstill-University-IndicatorLeft-ModifySignal_ForgedCRC.log,v_mode,v_mode::IndicatorLeft-ModifySignal_ForgedCRC,outer_test_attack,1,False,False
1,Vmode-Standstill-University-IndicatorLeft-ModifySignal_OriginalCRC.log,v_mode,v_mode::IndicatorLeft-ModifySignal_OriginalCRC,model_train_attack,0,False,False
1,Vmode-Standstill-University-KeyFob-Delay.log,v_mode,v_mode::KeyFob-Delay,outer_test_attack,1,False,False
1,Vmode-Standstill-University-KeyFob-Drop.log,v_mode,v_mode::KeyFob-Drop,model_train_attack,0,False,False
2,Advanced-FastDriving-DrivingSchool-Break-NA.log,advanced,advanced::Break-NA,model_train_attack,0,False,False
2,Advanced-FastDriving-DrivingSchool-GearSwitch-NA.log,advanced,advanced::GearSwitch-NA,outer_test_attack,1,False,False
2,Advanced-FastDriving-DrivingSchool-Indicator-Flam_Direction.log,advanced,advanced::Indicator-Flam_Direction,model_train_attack,0,False,False
2,Advanced-FastDriving-DrivingSchool-Indicator-NA.log,advanced,advanced::Indicator-NA,model_train_attack,0,False,False
2,Advanced-ReverseDriving-DrivingSchool-Break-NA.log,advanced,advanced::Break-NA,model_train_attack,0,False,False
2,Advanced-ReverseDriving-DrivingSchool-GearSwitch-NA.log,advanced,advanced::GearSwitch-NA,outer_test_attack,1,False,False
2,Advanced-ReverseDriving-DrivingSchool-ICWarningLights-NA.log,advanced,advanced::ICWarningLights-NA,model_train_attack,0,False,False
2,Advanced-ReverseDriving-DrivingSchool-Indicator-Flam_Direction.log,advanced,advanced::Indicator-Flam_Direction,model_train_attack,0,False,False
2,Advanced-ReverseDriving-DrivingSchool-Indicator-NA.log,advanced,advanced::Indicator-NA,model_train_attack,0,False,False
2,Advanced-ReverseDriving-University-Break-NA.log,advanced,advanced::Break-NA,model_train_attack,0,False,False
2,Advanced-ReverseDriving-University-GearSwitch-NA.log,advanced,advanced::GearSwitch-NA,outer_test_attack,1,False,False
2,Advanced-ReverseDriving-University-ICWarningLights-NA.log,advanced,advanced::ICWarningLights-NA,model_train_attack,0,False,False
2,Advanced-ReverseDriving-University-Indicator-Flam_Direction.log,advanced,advanced::Indicator-Flam_Direction,model_train_attack,0,False,False
2,Advanced-ReverseDriving-University-Indicator-NA.log,advanced,advanced::Indicator-NA,model_train_attack,0,False,False
2,Advanced-SlowDriving-DrivingSchool-Break-NA.log,advanced,advanced::Break-NA,model_train_attack,0,False,False
2,Advanced-SlowDriving-DrivingSchool-GearSwitch-NA.log,advanced,advanced::GearSwitch-NA,outer_test_attack,1,False,False
2,Advanced-SlowDriving-DrivingSchool-ICWarningLights-NA.log,advanced,advanced::ICWarningLights-NA,model_train_attack,0,False,False
2,Advanced-SlowDriving-DrivingSchool-Indicator-Flam_Direction.log,advanced,advanced::Indicator-Flam_Direction,model_train_attack,0,False,False
2,Advanced-SlowDriving-DrivingSchool-Indicator-NA.log,advanced,advanced::Indicator-NA,model_train_attack,0,False,False
2,Advanced-SlowDriving-University-Break-NA_1.log,advanced,advanced::Break-NA,model_train_attack,0,False,False
2,Advanced-SlowDriving-University-Break-NA_2.log,advanced,advanced::Break-NA,model_train_attack,0,False,False
2,Advanced-SlowDriving-University-GearSwitch-NA_1.log,advanced,advanced::GearSwitch-NA,outer_test_attack,1,False,False
2,Advanced-SlowDriving-University-GearSwitch-NA_2.log,advanced,advanced::GearSwitch-NA,outer_test_attack,1,False,False
2,Advanced-SlowDriving-University-ICWarningLights-NA_1.log,advanced,advanced::ICWarningLights-NA,model_train_attack,0,False,False
2,Advanced-SlowDriving-University-ICWarningLights-NA_2.log,advanced,advanced::ICWarningLights-NA,model_train_attack,0,False,False
2,Advanced-SlowDriving-University-ICWarningLights-NA_3.log,advanced,advanced::ICWarningLights-NA,model_train_attack,0,False,False
2,Advanced-SlowDriving-University-Indicator-Flam_Direction_1.log,advanced,advanced::Indicator-Flam_Direction,model_train_attack,0,False,False
2,Advanced-SlowDriving-University-Indicator-Flam_Direction_2.log,advanced,advanced::Indicator-Flam_Direction,model_train_attack,0,False,False
2,Advanced-SlowDriving-University-Indicator-NA_1.log,advanced,advanced::Indicator-NA,model_train_attack,0,False,False
2,Advanced-SlowDriving-University-Indicator-NA_2.log,advanced,advanced::Indicator-NA,model_train_attack,0,False,False
2,Advanced-Standstill-University-Break-NA.log,advanced,advanced::Break-NA,model_train_attack,0,False,False
2,Advanced-Standstill-University-GearSwitch-NA.log,advanced,advanced::GearSwitch-NA,outer_test_attack,1,False,False
2,Advanced-Standstill-University-ICWarningLights-NA.log,advanced,advanced::ICWarningLights-NA,model_train_attack,0,False,False
2,Advanced-Standstill-University-Indicator-Flam_Direction.log,advanced,advanced::Indicator-Flam_Direction,model_train_attack,0,False,False
2,Advanced-Standstill-University-Indicator-NA.log,advanced,advanced::Indicator-NA,model_train_attack,0,False,False
2,Benign-FastDriving-DrivingSchool-NA-NA.log,benign,benign,model_train_normal,0,False,False
2,Benign-ReverseDriving-DrivingSchool-NA-NA.log,benign,benign,normal_calibration,0,False,False
2,Benign-ReverseDriving-University-NA-NA_1.log,benign,benign,outer_test_normal,0,False,False
2,Benign-ReverseDriving-University-NA-NA_2.log,benign,benign,outer_test_normal,0,False,False
2,Benign-SlowDriving-DrivingSchool-NA-NA.log,benign,benign,outer_test_normal,0,False,False
2,Benign-SlowDriving-University-NA-GearSwitch.log,benign,benign,outer_test_normal,0,False,False
2,Benign-SlowDriving-University-NA-Indicators.log,benign,benign,normal_calibration,0,False,False
2,Benign-SlowDriving-University-NA-NA_1.log,benign,benign,model_train_normal,0,False,False
2,Benign-SlowDriving-University-NA-NA_2.log,benign,benign,model_train_normal,0,False,False
2,Benign-SlowDriving-University-NA-Sunroof.log,benign,benign,model_train_normal,0,False,False
2,Benign-Standstill-University-NA-BusSilence.log,benign,benign,outer_test_normal,0,False,False
2,Benign-Standstill-University-NA-BusSilenceWakeUp.log,benign,benign,model_train_normal,0,False,False
2,Benign-Standstill-University-NA-GearSwitch.log,benign,benign,model_train_normal,0,False,False
2,Benign-Standstill-University-NA-IVI_DownloadGames.log,benign,benign,outer_test_normal,0,False,False
2,Benign-Standstill-University-NA-IVI_Update.log,benign,benign,model_train_normal,0,False,False
2,Benign-Standstill-University-NA-IgnitionOff.log,benign,benign,outer_test_normal,0,False,False
2,Benign-Standstill-University-NA-IgnitionOff_FailedUpdate.log,benign,benign,model_train_normal,0,False,False
2,Benign-Standstill-University-NA-IgnitionOff_LockUnlock.log,benign,benign,outer_test_normal,0,False,False
2,Benign-Standstill-University-NA-Indicators.log,benign,benign,model_train_normal,0,False,False
2,Benign-Standstill-University-NA-NA_1.log,benign,benign,model_train_normal,0,False,False
2,Benign-Standstill-University-NA-NA_2.log,benign,benign,normal_calibration,0,False,False
2,Benign-Standstill-University-NA-Sunroof.log,benign,benign,model_train_normal,0,False,False
2,Benign-Standstill-University-NA-T1_DeleteDTC_1.log,benign,benign,outer_test_normal,0,False,False
2,Benign-Standstill-University-NA-T1_DeleteDTC_2.log,benign,benign,normal_calibration,0,False,False
2,Benign-Standstill-University-NA-T1_ReadDTC_1.log,benign,benign,outer_test_normal,0,False,False
2,Benign-Standstill-University-NA-T1_ReadDTC_2.log,benign,benign,outer_test_normal,0,False,False
2,Benign-Standstill-University-NA-T1_ReadMisc.log,benign,benign,model_train_normal,0,False,False
2,Benign-Standstill-University-NA-T1_RecognizeCar.log,benign,benign,normal_calibration,0,False,False
2,Benign-Standstill-University-NA-T2_ControlSunroof.log,benign,benign,model_train_normal,0,False,False
2,Benign-Standstill-University-NA-T2_DeleteDTC.log,benign,benign,model_train_normal,0,False,False
2,Benign-Standstill-University-NA-T2_Discovery.log,benign,benign,model_train_normal,0,False,False
2,Benign-Standstill-University-NA-T2_ReadAfterDeleteDTC.log,benign,benign,model_train_normal,0,False,False
2,Benign-Standstill-University-NA-T2_ReadDTC.log,benign,benign,model_train_normal,0,False,False
2,Benign-Standstill-University-NA-T2_ReadHVBatteryCheck.log,benign,benign,normal_calibration,0,False,False
2,Benign-Standstill-University-NA-T2_ReadMilage.log,benign,benign,outer_test_normal,0,False,False
2,Benign-Standstill-University-NA-T2_ReadMiscBatteryData.log,benign,benign,outer_test_normal,0,False,False
2,Benign-Standstill-University-NA-T2_ReadSunroofData.log,benign,benign,model_train_normal,0,False,False
2,Benign-Standstill-University-NA-T2_ReadTelemetricData.log,benign,benign,model_train_normal,0,False,False
2,Benign-Standstill-University-NA-T2_ReadVIN.log,benign,benign,normal_calibration,0,False,False
2,DoS-FastDriving-DrivingSchool-CAN7-NA.log,dos,dos::CAN7-NA,model_train_attack,0,False,False
2,DoS-FastDriving-DrivingSchool-IndicatorLeft-Flam.log,dos,dos::IndicatorLeft-Flam,model_train_attack,0,False,False
2,DoS-FastDriving-DrivingSchool-Sunroof-Flooding.log,dos,dos::Sunroof-Flooding,outer_test_attack,1,False,False
2,DoS-ReverseDriving-DrivingSchool-CAN7-NA.log,dos,dos::CAN7-NA,model_train_attack,0,False,False
2,DoS-ReverseDriving-DrivingSchool-IndicatorLeft-Flam.log,dos,dos::IndicatorLeft-Flam,model_train_attack,0,False,False
2,DoS-ReverseDriving-DrivingSchool-Sunroof-Flooding.log,dos,dos::Sunroof-Flooding,outer_test_attack,1,False,False
2,DoS-ReverseDriving-University-CAN7-NA.log,dos,dos::CAN7-NA,model_train_attack,0,False,False
2,DoS-ReverseDriving-University-IndicatorLeft-Flam.log,dos,dos::IndicatorLeft-Flam,model_train_attack,0,False,False
2,DoS-ReverseDriving-University-Sunroof-Flooding.log,dos,dos::Sunroof-Flooding,outer_test_attack,1,False,False
2,DoS-SlowDriving-DrivingSchool-CAN7-NA_1.log,dos,dos::CAN7-NA,model_train_attack,0,False,False
2,DoS-SlowDriving-DrivingSchool-CAN7-NA_2.log,dos,dos::CAN7-NA,model_train_attack,0,False,False
2,DoS-SlowDriving-DrivingSchool-IndicatorLeft-Flam.log,dos,dos::IndicatorLeft-Flam,model_train_attack,0,False,False
2,DoS-SlowDriving-DrivingSchool-Sunroof-Flooding.log,dos,dos::Sunroof-Flooding,outer_test_attack,1,False,False
2,DoS-SlowDriving-University-CAN7-NA_1.log,dos,dos::CAN7-NA,model_train_attack,0,False,False
2,DoS-SlowDriving-University-CAN7-NA_2.log,dos,dos::CAN7-NA,model_train_attack,0,False,False
2,DoS-SlowDriving-University-IndicatorLeft-Flam_1.log,dos,dos::IndicatorLeft-Flam,model_train_attack,0,False,False
2,DoS-SlowDriving-University-IndicatorLeft-Flam_2.log,dos,dos::IndicatorLeft-Flam,model_train_attack,0,False,False
2,DoS-SlowDriving-University-Sunroof-Flooding_1.log,dos,dos::Sunroof-Flooding,outer_test_attack,1,False,False
2,DoS-SlowDriving-University-Sunroof-Flooding_2.log,dos,dos::Sunroof-Flooding,outer_test_attack,1,False,False
2,DoS-SlowDriving-University-Sunroof-Flooding_3.log,dos,dos::Sunroof-Flooding,outer_test_attack,1,False,False
2,DoS-Standstill-University-CAN7-NA.log,dos,dos::CAN7-NA,model_train_attack,0,False,False
2,DoS-Standstill-University-IndicatorLeft-Flam.log,dos,dos::IndicatorLeft-Flam,model_train_attack,0,False,False
2,DoS-Standstill-University-Sunroof-Flooding.log,dos,dos::Sunroof-Flooding,outer_test_attack,1,False,False
2,Ethernet-ReverseDriving-University-RearCamera-ReplaceRTP_1.log,ethernet,excluded_ethernet_only,excluded_from_can_primary,0,False,False
2,Ethernet-ReverseDriving-University-RearCamera-ReplaceRTP_2.log,ethernet,excluded_ethernet_only,excluded_from_can_primary,0,False,False
2,Ethernet-ReverseDriving-University-RearCamera-ReplaceRTP_3.log,ethernet,excluded_ethernet_only,excluded_from_can_primary,0,False,False
2,Ethernet-SlowDriving-University-RearCamera-ReplaceRTP.log,ethernet,excluded_ethernet_only,excluded_from_can_primary,0,False,False
2,Ethernet-Standstill-University-Emergency-Nmap_sS_IPSpoofing_vlan4_1.log,ethernet,excluded_ethernet_only,excluded_from_can_primary,0,False,False
2,Ethernet-Standstill-University-Emergency-Nmap_sS_IPSpoofing_vlan4_2.log,ethernet,excluded_ethernet_only,excluded_from_can_primary,0,False,False
2,Ethernet-Standstill-University-Emergency-Nmap_sS_IPSpoofing_vlan4_3.log,ethernet,excluded_ethernet_only,excluded_from_can_primary,0,False,False
2,Ethernet-Standstill-University-Emergency-Nmap_sS_IPSpoofing_vlan4_4.log,ethernet,excluded_ethernet_only,excluded_from_can_primary,0,False,False
2,Ethernet-Standstill-University-Emergency-Nmap_sS_p49000_50000_IPSpoofing_vlan4.log,ethernet,excluded_ethernet_only,excluded_from_can_primary,0,False,False
2,Ethernet-Standstill-University-Emergency-Nmap_sS_p49000_50000_MACSpoofing_IPSpoofing_vlan4.log,ethernet,excluded_ethernet_only,excluded_from_can_primary,0,False,False
2,Ethernet-Standstill-University-Emergency-Nmap_sS_p8000_10000_vlan4.log,ethernet,excluded_ethernet_only,excluded_from_can_primary,0,False,False
2,Ethernet-Standstill-University-IVI-Nmap_sA_MACSpoofing_vlan3_1.log,ethernet,excluded_ethernet_only,excluded_from_can_primary,0,False,False
2,Ethernet-Standstill-University-IVI-Nmap_sA_MACSpoofing_vlan3_2.log,ethernet,excluded_ethernet_only,excluded_from_can_primary,0,False,False
2,Ethernet-Standstill-University-IVI-Nmap_sA_MACSpoofing_vlan3_3.log,ethernet,excluded_ethernet_only,excluded_from_can_primary,0,False,False
2,Ethernet-Standstill-University-IVI-Nmap_sA_p49000_50000.log,ethernet,excluded_ethernet_only,excluded_from_can_primary,0,False,False
2,Ethernet-Standstill-University-IVI-Nmap_sA_p49000_50000_IPSpoofing_vlan3.log,ethernet,excluded_ethernet_only,excluded_from_can_primary,0,False,False
2,Ethernet-Standstill-University-IVI-Nmap_sF_p49000_50000.log,ethernet,excluded_ethernet_only,excluded_from_can_primary,0,False,False
2,Ethernet-Standstill-University-IVI-Nmap_sF_p49000_50000_IPSpoofing_vlan3.log,ethernet,excluded_ethernet_only,excluded_from_can_primary,0,False,False
2,Ethernet-Standstill-University-IVI-Nmap_sS_MACSpoofing_IPSpoofing_InvalidIP_vlan3.log,ethernet,excluded_ethernet_only,excluded_from_can_primary,0,False,False
2,Ethernet-Standstill-University-IVI-Nmap_sS_MACSpoofing_IPSpoofing_vlan3.log,ethernet,excluded_ethernet_only,excluded_from_can_primary,0,False,False
2,Ethernet-Standstill-University-IVI-Nmap_sS_MACSpoofing_vlan3_1.log,ethernet,excluded_ethernet_only,excluded_from_can_primary,0,False,False
2,Ethernet-Standstill-University-IVI-Nmap_sS_MACSpoofing_vlan3_2.log,ethernet,excluded_ethernet_only,excluded_from_can_primary,0,False,False
2,Ethernet-Standstill-University-IVI-Nmap_sS_p1_1024.log,ethernet,excluded_ethernet_only,excluded_from_can_primary,0,False,False
2,Ethernet-Standstill-University-IVI-Nmap_sS_p49000_50000_IPSpoofing_vlan3_1.log,ethernet,excluded_ethernet_only,excluded_from_can_primary,0,False,False
2,Ethernet-Standstill-University-IVI-Nmap_sS_p49000_50000_IPSpoofing_vlan3_2.log,ethernet,excluded_ethernet_only,excluded_from_can_primary,0,False,False
2,Ethernet-Standstill-University-IVI-Nmap_sS_p49000_50000_MACSpoofing_vlan3_1.log,ethernet,excluded_ethernet_only,excluded_from_can_primary,0,False,False
2,Ethernet-Standstill-University-IVI-Nmap_sS_p49000_50000_MACSpoofing_vlan3_2.log,ethernet,excluded_ethernet_only,excluded_from_can_primary,0,False,False
2,Ethernet-Standstill-University-IVI-Nmap_sS_p49000_50000_MACSpoofing_vlan3_3.log,ethernet,excluded_ethernet_only,excluded_from_can_primary,0,False,False
2,Ethernet-Standstill-University-IVI-Nmap_sS_p49000_50000_vlan3.log,ethernet,excluded_ethernet_only,excluded_from_can_primary,0,False,False
2,Ethernet-Standstill-University-IVI-RestAPI_Crash_vlan3.log,ethernet,excluded_ethernet_only,excluded_from_can_primary,0,False,False
2,Ethernet-Standstill-University-RearCamera-ReplaceRTP.log,ethernet,excluded_ethernet_only,excluded_from_can_primary,0,False,False
2,Fuzzing-FastDriving-DrivingSchool-GearSwitch-CRC.log,fuzzing,fuzzing::GearSwitch-CRC,model_train_attack,0,False,False
2,Fuzzing-FastDriving-DrivingSchool-IndicatorLeft-CRC.log,fuzzing,fuzzing::IndicatorLeft-CRC,outer_test_attack,1,False,False
2,Fuzzing-FastDriving-DrivingSchool-Sunroof-Signal.log,fuzzing,fuzzing::Sunroof-Signal,model_train_attack,0,False,False
2,Fuzzing-FastDriving-University-CAN1-WholePayload_20ms.log,fuzzing,fuzzing::CAN1-WholePayload_20ms,model_train_attack,0,False,False
2,Fuzzing-FastDriving-University-CAN4-WholePayload_20ms.log,fuzzing,fuzzing::CAN4-WholePayload_20ms,model_train_attack,0,False,False
2,Fuzzing-FastDriving-University-CAN8-WholePayload_20ms.log,fuzzing,fuzzing::CAN8-WholePayload_20ms,outer_test_attack,1,False,False
2,Fuzzing-FastDriving-University-CAN9-WholePayload_50ms.log,fuzzing,fuzzing::CAN9-WholePayload_50ms,outer_test_attack,1,False,False
2,Fuzzing-ReverseDriving-DrivingSchool-GearSwitch-CRC.log,fuzzing,fuzzing::GearSwitch-CRC,model_train_attack,0,False,False
2,Fuzzing-ReverseDriving-DrivingSchool-IndicatorLeft-CRC.log,fuzzing,fuzzing::IndicatorLeft-CRC,outer_test_attack,1,False,False
2,Fuzzing-ReverseDriving-DrivingSchool-Sunroof-Signal.log,fuzzing,fuzzing::Sunroof-Signal,model_train_attack,0,False,False
2,Fuzzing-ReverseDriving-University-CAN1-WholePayload_20ms.log,fuzzing,fuzzing::CAN1-WholePayload_20ms,model_train_attack,0,False,False
2,Fuzzing-ReverseDriving-University-CAN4-WholePayload_20ms.log,fuzzing,fuzzing::CAN4-WholePayload_20ms,model_train_attack,0,False,False
2,Fuzzing-ReverseDriving-University-CAN8-WholePayload_20ms.log,fuzzing,fuzzing::CAN8-WholePayload_20ms,outer_test_attack,1,False,False
2,Fuzzing-ReverseDriving-University-CAN9-WholePayload_50ms.log,fuzzing,fuzzing::CAN9-WholePayload_50ms,outer_test_attack,1,False,False
2,Fuzzing-ReverseDriving-University-GearSwitch-CRC.log,fuzzing,fuzzing::GearSwitch-CRC,model_train_attack,0,False,False
2,Fuzzing-ReverseDriving-University-IndicatorLeft-CRC.log,fuzzing,fuzzing::IndicatorLeft-CRC,outer_test_attack,1,False,False
2,Fuzzing-ReverseDriving-University-Sunroof-Signal.log,fuzzing,fuzzing::Sunroof-Signal,model_train_attack,0,False,False
2,Fuzzing-SlowDriving-DrivingSchool-GearSwitch-CRC.log,fuzzing,fuzzing::GearSwitch-CRC,model_train_attack,0,False,False
2,Fuzzing-SlowDriving-DrivingSchool-IndicatorLeft-CRC.log,fuzzing,fuzzing::IndicatorLeft-CRC,outer_test_attack,1,False,False
2,Fuzzing-SlowDriving-DrivingSchool-Sunroof-Signal.log,fuzzing,fuzzing::Sunroof-Signal,model_train_attack,0,False,False
2,Fuzzing-SlowDriving-University-CAN1-WholePayload_20ms.log,fuzzing,fuzzing::CAN1-WholePayload_20ms,model_train_attack,0,False,False
2,Fuzzing-SlowDriving-University-CAN4-WholePayload_20ms.log,fuzzing,fuzzing::CAN4-WholePayload_20ms,model_train_attack,0,False,False
2,Fuzzing-SlowDriving-University-CAN8-WholePayload_20ms.log,fuzzing,fuzzing::CAN8-WholePayload_20ms,outer_test_attack,1,False,False
2,Fuzzing-SlowDriving-University-CAN9-WholePayload_50ms.log,fuzzing,fuzzing::CAN9-WholePayload_50ms,outer_test_attack,1,False,False
2,Fuzzing-SlowDriving-University-GearSwitch-CRC_1.log,fuzzing,fuzzing::GearSwitch-CRC,model_train_attack,0,False,False
2,Fuzzing-SlowDriving-University-GearSwitch-CRC_2.log,fuzzing,fuzzing::GearSwitch-CRC,model_train_attack,0,False,False
2,Fuzzing-SlowDriving-University-IndicatorLeft-CRC.log,fuzzing,fuzzing::IndicatorLeft-CRC,outer_test_attack,1,False,False
2,Fuzzing-SlowDriving-University-Sunroof-Signal.log,fuzzing,fuzzing::Sunroof-Signal,model_train_attack,0,False,False
2,Fuzzing-Standstill-University-CAN1-RandIDs_WholePayload_20ms.log,fuzzing,fuzzing::CAN1-RandIDs_WholePayload_20ms,model_train_attack,0,False,False
2,Fuzzing-Standstill-University-CAN1-WholePayload_20ms.log,fuzzing,fuzzing::CAN1-WholePayload_20ms,model_train_attack,0,False,False
2,Fuzzing-Standstill-University-CAN4-RandIDs_WholePayload_20ms.log,fuzzing,fuzzing::CAN4-RandIDs_WholePayload_20ms,model_train_attack,0,False,False
2,Fuzzing-Standstill-University-CAN4-WholePayload_20ms.log,fuzzing,fuzzing::CAN4-WholePayload_20ms,model_train_attack,0,False,False
2,Fuzzing-Standstill-University-CAN8-WholePayload_20ms.log,fuzzing,fuzzing::CAN8-WholePayload_20ms,outer_test_attack,1,False,False
2,Fuzzing-Standstill-University-CAN9-WholePayload_50ms.log,fuzzing,fuzzing::CAN9-WholePayload_50ms,outer_test_attack,1,False,False
2,Fuzzing-Standstill-University-IndicatorLeft-CRC.log,fuzzing,fuzzing::IndicatorLeft-CRC,outer_test_attack,1,False,False
2,Fuzzing-Standstill-University-Sunroof-Signal.log,fuzzing,fuzzing::Sunroof-Signal,model_train_attack,0,False,False
2,Replay-FastDriving-DrivingSchool-CAN7-NA_1.log,replay,replay::CAN7-NA,model_train_attack,0,False,False
2,Replay-FastDriving-DrivingSchool-CAN7-NA_2.log,replay,replay::CAN7-NA,model_train_attack,0,False,False
2,Replay-FastDriving-DrivingSchool-GearSwitch-NA.log,replay,replay::GearSwitch-NA,model_train_attack,0,False,False
2,Replay-FastDriving-DrivingSchool-IndicatorLeft-NA_1.log,replay,replay::IndicatorLeft-NA,model_train_attack,0,False,False
2,Replay-FastDriving-DrivingSchool-IndicatorLeft-NA_2.log,replay,replay::IndicatorLeft-NA,model_train_attack,0,False,False
2,Replay-FastDriving-DrivingSchool-KeyFob-LockUnlock_1.log,replay,replay::KeyFob-LockUnlock,outer_test_attack,1,False,False
2,Replay-FastDriving-DrivingSchool-KeyFob-LockUnlock_2.log,replay,replay::KeyFob-LockUnlock,outer_test_attack,1,False,False
2,Replay-FastDriving-DrivingSchool-Sunroof-NA_1.log,replay,replay::Sunroof-NA,model_train_attack,0,False,False
2,Replay-FastDriving-DrivingSchool-Sunroof-NA_2.log,replay,replay::Sunroof-NA,model_train_attack,0,False,False
2,Replay-ReverseDriving-DrivingSchool-CAN7-NA.log,replay,replay::CAN7-NA,model_train_attack,0,False,False
2,Replay-ReverseDriving-DrivingSchool-GearSwitch-NA.log,replay,replay::GearSwitch-NA,model_train_attack,0,False,False
2,Replay-ReverseDriving-DrivingSchool-IndicatorLeft-NA.log,replay,replay::IndicatorLeft-NA,model_train_attack,0,False,False
2,Replay-ReverseDriving-DrivingSchool-KeyFob-LockUnlock.log,replay,replay::KeyFob-LockUnlock,outer_test_attack,1,False,False
2,Replay-ReverseDriving-DrivingSchool-Sunroof-NA.log,replay,replay::Sunroof-NA,model_train_attack,0,False,False
2,Replay-ReverseDriving-University-IndicatorLeft-NA.log,replay,replay::IndicatorLeft-NA,model_train_attack,0,False,False
2,Replay-ReverseDriving-University-KeyFob-LockUnlock.log,replay,replay::KeyFob-LockUnlock,outer_test_attack,1,False,False
2,Replay-ReverseDriving-University-Sunroof-NA.log,replay,replay::Sunroof-NA,model_train_attack,0,False,False
2,Replay-SlowDriving-DrivingSchool-CAN7-NA.log,replay,replay::CAN7-NA,model_train_attack,0,False,False
2,Replay-SlowDriving-DrivingSchool-GearSwitch-NA.log,replay,replay::GearSwitch-NA,model_train_attack,0,False,False
2,Replay-SlowDriving-DrivingSchool-IndicatorLeft-NA.log,replay,replay::IndicatorLeft-NA,model_train_attack,0,False,False
2,Replay-SlowDriving-DrivingSchool-KeyFob-LockUnlock.log,replay,replay::KeyFob-LockUnlock,outer_test_attack,1,False,False
2,Replay-SlowDriving-DrivingSchool-Sunroof-NA.log,replay,replay::Sunroof-NA,model_train_attack,0,False,False
2,Replay-SlowDriving-University-CAN7-NA.log,replay,replay::CAN7-NA,model_train_attack,0,False,False
2,Replay-SlowDriving-University-GearSwitch-NA.log,replay,replay::GearSwitch-NA,model_train_attack,0,False,False
2,Replay-SlowDriving-University-IndicatorLeft-NA_1.log,replay,replay::IndicatorLeft-NA,model_train_attack,0,False,False
2,Replay-SlowDriving-University-IndicatorLeft-NA_2.log,replay,replay::IndicatorLeft-NA,model_train_attack,0,False,False
2,Replay-SlowDriving-University-KeyFob-LockUnlock_1.log,replay,replay::KeyFob-LockUnlock,outer_test_attack,1,False,False
2,Replay-SlowDriving-University-KeyFob-LockUnlock_2.log,replay,replay::KeyFob-LockUnlock,outer_test_attack,1,False,False
2,Replay-SlowDriving-University-Sunroof-NA_1.log,replay,replay::Sunroof-NA,model_train_attack,0,False,False
2,Replay-SlowDriving-University-Sunroof-NA_2.log,replay,replay::Sunroof-NA,model_train_attack,0,False,False
2,Replay-Standstill-DrivingSchool-CAN7-NA.log,replay,replay::CAN7-NA,model_train_attack,0,False,False
2,Replay-Standstill-University-GearSwitch-NA_1.log,replay,replay::GearSwitch-NA,model_train_attack,0,False,False
2,Replay-Standstill-University-GearSwitch-NA_2.log,replay,replay::GearSwitch-NA,model_train_attack,0,False,False
2,Replay-Standstill-University-IndicatorLeft-NA.log,replay,replay::IndicatorLeft-NA,model_train_attack,0,False,False
2,Replay-Standstill-University-KeyFob-LockUnlock.log,replay,replay::KeyFob-LockUnlock,outer_test_attack,1,False,False
2,Replay-Standstill-University-Sunroof-NA.log,replay,replay::Sunroof-NA,model_train_attack,0,False,False
2,Spoofing-FastDriving-DrivingSchool-GearSwitch-NA.log,spoofing,spoofing::GearSwitch-NA,outer_test_attack,1,False,False
2,Spoofing-FastDriving-DrivingSchool-IndicatorLeft-NA.log,spoofing,spoofing::IndicatorLeft-NA,model_train_attack,0,False,False
2,Spoofing-FastDriving-DrivingSchool-Sunroof-NA.log,spoofing,spoofing::Sunroof-NA,model_train_attack,0,False,False
2,Spoofing-FastDriving-DrivingSchool-UnusedID-NA.log,spoofing,spoofing::UnusedID-NA,model_train_attack,0,False,False
2,Spoofing-ReverseDriving-DrivingSchool-GearSwitch-NA.log,spoofing,spoofing::GearSwitch-NA,outer_test_attack,1,False,False
2,Spoofing-ReverseDriving-DrivingSchool-IndicatorLeft-NA.log,spoofing,spoofing::IndicatorLeft-NA,model_train_attack,0,False,False
2,Spoofing-ReverseDriving-DrivingSchool-Sunroof-NA.log,spoofing,spoofing::Sunroof-NA,model_train_attack,0,False,False
2,Spoofing-ReverseDriving-DrivingSchool-UnusedID-NA.log,spoofing,spoofing::UnusedID-NA,model_train_attack,0,False,False
2,Spoofing-ReverseDriving-University-GearSwitch-NA.log,spoofing,spoofing::GearSwitch-NA,outer_test_attack,1,False,False
2,Spoofing-ReverseDriving-University-IndicatorLeft-NA.log,spoofing,spoofing::IndicatorLeft-NA,model_train_attack,0,False,False
2,Spoofing-ReverseDriving-University-Sunroof-NA.log,spoofing,spoofing::Sunroof-NA,model_train_attack,0,False,False
2,Spoofing-ReverseDriving-University-UnusedID-NA.log,spoofing,spoofing::UnusedID-NA,model_train_attack,0,False,False
2,Spoofing-SlowDriving-DrivingSchool-GearSwitch-NA.log,spoofing,spoofing::GearSwitch-NA,outer_test_attack,1,False,False
2,Spoofing-SlowDriving-DrivingSchool-IndicatorLeft-NA.log,spoofing,spoofing::IndicatorLeft-NA,model_train_attack,0,False,False
2,Spoofing-SlowDriving-DrivingSchool-Sunroof-NA.log,spoofing,spoofing::Sunroof-NA,model_train_attack,0,False,False
2,Spoofing-SlowDriving-DrivingSchool-UnusedID-NA.log,spoofing,spoofing::UnusedID-NA,model_train_attack,0,False,False
2,Spoofing-SlowDriving-University-GearSwitch-NA.log,spoofing,spoofing::GearSwitch-NA,outer_test_attack,1,False,False
2,Spoofing-SlowDriving-University-IndicatorLeft-NA.log,spoofing,spoofing::IndicatorLeft-NA,model_train_attack,0,False,False
2,Spoofing-SlowDriving-University-Sunroof-NA.log,spoofing,spoofing::Sunroof-NA,model_train_attack,0,False,False
2,Spoofing-SlowDriving-University-UnusedID-NA.log,spoofing,spoofing::UnusedID-NA,model_train_attack,0,False,False
2,Spoofing-Standstill-University-GearSwitch-NA.log,spoofing,spoofing::GearSwitch-NA,outer_test_attack,1,False,False
2,Spoofing-Standstill-University-IndicatorLeft-NA.log,spoofing,spoofing::IndicatorLeft-NA,model_train_attack,0,False,False
2,Spoofing-Standstill-University-Sunroof-NA.log,spoofing,spoofing::Sunroof-NA,model_train_attack,0,False,False
2,Spoofing-Standstill-University-UnusedID-NA.log,spoofing,spoofing::UnusedID-NA,model_train_attack,0,False,False
2,UDS-Standstill-University-NA-CaringCaribou_Auto_1.log,uds,uds::NA-CaringCaribou_Auto,model_train_attack,0,False,False
2,UDS-Standstill-University-NA-CaringCaribou_Auto_2.log,uds,uds::NA-CaringCaribou_Auto,model_train_attack,0,False,False
2,Vmode-FastDriving-DrivingSchool-IndicatorLeft-Drop.log,v_mode,v_mode::IndicatorLeft-Drop,outer_test_attack,1,False,False
2,Vmode-FastDriving-DrivingSchool-IndicatorLeft-ModifySignal_ForgedCRC.log,v_mode,v_mode::IndicatorLeft-ModifySignal_ForgedCRC,model_train_attack,0,False,False
2,Vmode-FastDriving-DrivingSchool-IndicatorLeft-ModifySignal_OriginalCRC.log,v_mode,v_mode::IndicatorLeft-ModifySignal_OriginalCRC,outer_test_attack,1,False,False
2,Vmode-FastDriving-University-GearSwitch-Drop.log,v_mode,v_mode::GearSwitch-Drop,model_train_attack,0,False,False
2,Vmode-FastDriving-University-GearSwitch-Inverted_ForgedCRC.log,v_mode,v_mode::GearSwitch-Inverted_ForgedCRC,model_train_attack,0,False,False
2,Vmode-ReverseDriving-DrivingSchool-IndicatorLeft-Drop.log,v_mode,v_mode::IndicatorLeft-Drop,outer_test_attack,1,False,False
2,Vmode-ReverseDriving-DrivingSchool-IndicatorLeft-ModifySignal_ForgedCRC.log,v_mode,v_mode::IndicatorLeft-ModifySignal_ForgedCRC,model_train_attack,0,False,False
2,Vmode-ReverseDriving-DrivingSchool-IndicatorLeft-ModifySignal_OriginalCRC.log,v_mode,v_mode::IndicatorLeft-ModifySignal_OriginalCRC,outer_test_attack,1,False,False
2,Vmode-ReverseDriving-University-GearSwitch-Drop.log,v_mode,v_mode::GearSwitch-Drop,model_train_attack,0,False,False
2,Vmode-ReverseDriving-University-GearSwitch-Inverted_ForgedCRC.log,v_mode,v_mode::GearSwitch-Inverted_ForgedCRC,model_train_attack,0,False,False
2,Vmode-ReverseDriving-University-IndicatorLeft-Drop.log,v_mode,v_mode::IndicatorLeft-Drop,outer_test_attack,1,False,False
2,Vmode-ReverseDriving-University-IndicatorLeft-ModifySignal_ForgedCRC.log,v_mode,v_mode::IndicatorLeft-ModifySignal_ForgedCRC,model_train_attack,0,False,False
2,Vmode-ReverseDriving-University-IndicatorLeft-ModifySignal_OriginalCRC.log,v_mode,v_mode::IndicatorLeft-ModifySignal_OriginalCRC,outer_test_attack,1,False,False
2,Vmode-SlowDriving-DrivingSchool-IndicatorLeft-Drop.log,v_mode,v_mode::IndicatorLeft-Drop,outer_test_attack,1,False,False
2,Vmode-SlowDriving-DrivingSchool-IndicatorLeft-ModifySignal_ForgedCRC.log,v_mode,v_mode::IndicatorLeft-ModifySignal_ForgedCRC,model_train_attack,0,False,False
2,Vmode-SlowDriving-DrivingSchool-IndicatorLeft-ModifySignal_OriginalCRC.log,v_mode,v_mode::IndicatorLeft-ModifySignal_OriginalCRC,outer_test_attack,1,False,False
2,Vmode-SlowDriving-University-GearSwitch-Drop_1.log,v_mode,v_mode::GearSwitch-Drop,model_train_attack,0,False,False
2,Vmode-SlowDriving-University-GearSwitch-Drop_2.log,v_mode,v_mode::GearSwitch-Drop,model_train_attack,0,False,False
2,Vmode-SlowDriving-University-GearSwitch-Inverted_ForgedCRC.log,v_mode,v_mode::GearSwitch-Inverted_ForgedCRC,model_train_attack,0,False,False
2,Vmode-SlowDriving-University-IndicatorLeft-Drop.log,v_mode,v_mode::IndicatorLeft-Drop,outer_test_attack,1,False,False
2,Vmode-SlowDriving-University-IndicatorLeft-ModifySignal_ForgedCRC.log,v_mode,v_mode::IndicatorLeft-ModifySignal_ForgedCRC,model_train_attack,0,False,False
2,Vmode-SlowDriving-University-IndicatorLeft-ModifySignal_OriginalCRC.log,v_mode,v_mode::IndicatorLeft-ModifySignal_OriginalCRC,outer_test_attack,1,False,False
2,Vmode-Standstill-DrivingSchool-IndicatorLeft-Drop.log,v_mode,v_mode::IndicatorLeft-Drop,outer_test_attack,1,False,False
2,Vmode-Standstill-DrivingSchool-IndicatorLeft-ModifySignal_ForgedCRC.log,v_mode,v_mode::IndicatorLeft-ModifySignal_ForgedCRC,model_train_attack,0,False,False
2,Vmode-Standstill-University-GearSwitch-Drop_1.log,v_mode,v_mode::GearSwitch-Drop,model_train_attack,0,False,False
2,Vmode-Standstill-University-GearSwitch-Drop_2.log,v_mode,v_mode::GearSwitch-Drop,model_train_attack,0,False,False
2,Vmode-Standstill-University-GearSwitch-Inverted_ForgedCRC.log,v_mode,v_mode::GearSwitch-Inverted_ForgedCRC,model_train_attack,0,False,False
2,Vmode-Standstill-University-IndicatorLeft-Drop.log,v_mode,v_mode::IndicatorLeft-Drop,outer_test_attack,1,False,False
2,Vmode-Standstill-University-IndicatorLeft-ModifySignal_ForgedCRC.log,v_mode,v_mode::IndicatorLeft-ModifySignal_ForgedCRC,model_train_attack,0,False,False
2,Vmode-Standstill-University-IndicatorLeft-ModifySignal_OriginalCRC.log,v_mode,v_mode::IndicatorLeft-ModifySignal_OriginalCRC,outer_test_attack,1,False,False
2,Vmode-Standstill-University-KeyFob-Delay.log,v_mode,v_mode::KeyFob-Delay,model_train_attack,0,False,False
2,Vmode-Standstill-University-KeyFob-Drop.log,v_mode,v_mode::KeyFob-Drop,model_train_attack,0,False,False
