model,heldout_group,kind,positive_frames,negative_frames
frame,correlated_signal_attack_1,attack,58341,96000
frame,correlated_signal_attack_2,attack,58235,96000
frame,correlated_signal_attack_3,attack,59985,96000
frame,fuzzing_attack_1,attack,61922,96000
frame,fuzzing_attack_2,attack,62163,96000
frame,fuzzing_attack_3,attack,62399,96000
frame,max_engine_coolant_temp_attack,attack,62427,96000
frame,max_speedometer_attack_1,attack,57627,96000
frame,max_speedometer_attack_2,attack,56235,96000
frame,max_speedometer_attack_3,attack,50299,96000
frame,reverse_light_off_attack_1,attack,61169,96000
frame,reverse_light_off_attack_2,attack,57773,96000
frame,reverse_light_off_attack_3,attack,57645,96000
frame,reverse_light_on_attack_1,attack,58529,96000
frame,reverse_light_on_attack_2,attack,55133,96000
frame,reverse_light_on_attack_3,attack,57813,96000
frame,ambient_dyno_drive_basic_long,normal,62513,88000
frame,ambient_dyno_drive_basic_short,normal,62513,88000
frame,ambient_dyno_drive_benign_anomaly,normal,62513,88000
frame,ambient_dyno_drive_extended_long,normal,62513,88000
frame,ambient_dyno_drive_extended_short,normal,62513,88000
frame,ambient_dyno_drive_radio_infotainment,normal,62513,88000
frame,ambient_dyno_drive_winter,normal,62513,88000
frame,ambient_dyno_exercise_all_bits,normal,62513,88000
frame,ambient_dyno_idle_radio_infotainment,normal,62513,88000
frame,ambient_dyno_reverse,normal,62513,88000
frame,ambient_highway_street_driving_diagnostics,normal,62513,88000
frame,ambient_highway_street_driving_long,normal,62513,88000
timing,correlated_signal_attack_1,attack,58341,96000
timing,correlated_signal_attack_2,attack,58235,96000
timing,correlated_signal_attack_3,attack,59985,96000
timing,fuzzing_attack_1,attack,61922,96000
timing,fuzzing_attack_2,attack,62163,96000
timing,fuzzing_attack_3,attack,62399,96000
timing,max_engine_coolant_temp_attack,attack,62427,96000
timing,max_speedometer_attack_1,attack,57627,96000
timing,max_speedometer_attack_2,attack,56235,96000
timing,max_speedometer_attack_3,attack,50299,96000
timing,reverse_light_off_attack_1,attack,61169,96000
timing,reverse_light_off_attack_2,attack,57773,96000
timing,reverse_light_off_attack_3,attack,57645,96000
timing,reverse_light_on_attack_1,attack,58529,96000
timing,reverse_light_on_attack_2,attack,55133,96000
timing,reverse_light_on_attack_3,attack,57813,96000
timing,ambient_dyno_drive_basic_long,normal,62513,88000
timing,ambient_dyno_drive_basic_short,normal,62513,88000
timing,ambient_dyno_drive_benign_anomaly,normal,62513,88000
timing,ambient_dyno_drive_extended_long,normal,62513,88000
timing,ambient_dyno_drive_extended_short,normal,62513,88000
timing,ambient_dyno_drive_radio_infotainment,normal,62513,88000
timing,ambient_dyno_drive_winter,normal,62513,88000
timing,ambient_dyno_exercise_all_bits,normal,62513,88000
timing,ambient_dyno_idle_radio_infotainment,normal,62513,88000
timing,ambient_dyno_reverse,normal,62513,88000
timing,ambient_highway_street_driving_diagnostics,normal,62513,88000
timing,ambient_highway_street_driving_long,normal,62513,88000
context,correlated_signal_attack_1,attack,58341,96000
context,correlated_signal_attack_2,attack,58235,96000
context,correlated_signal_attack_3,attack,59985,96000
context,fuzzing_attack_1,attack,61922,96000
context,fuzzing_attack_2,attack,62163,96000
context,fuzzing_attack_3,attack,62399,96000
context,max_engine_coolant_temp_attack,attack,62427,96000
context,max_speedometer_attack_1,attack,57627,96000
context,max_speedometer_attack_2,attack,56235,96000
context,max_speedometer_attack_3,attack,50299,96000
context,reverse_light_off_attack_1,attack,61169,96000
context,reverse_light_off_attack_2,attack,57773,96000
context,reverse_light_off_attack_3,attack,57645,96000
context,reverse_light_on_attack_1,attack,58529,96000
context,reverse_light_on_attack_2,attack,55133,96000
context,reverse_light_on_attack_3,attack,57813,96000
context,ambient_dyno_drive_basic_long,normal,62513,88000
context,ambient_dyno_drive_basic_short,normal,62513,88000
context,ambient_dyno_drive_benign_anomaly,normal,62513,88000
context,ambient_dyno_drive_extended_long,normal,62513,88000
context,ambient_dyno_drive_extended_short,normal,62513,88000
context,ambient_dyno_drive_radio_infotainment,normal,62513,88000
context,ambient_dyno_drive_winter,normal,62513,88000
context,ambient_dyno_exercise_all_bits,normal,62513,88000
context,ambient_dyno_idle_radio_infotainment,normal,62513,88000
context,ambient_dyno_reverse,normal,62513,88000
context,ambient_highway_street_driving_diagnostics,normal,62513,88000
context,ambient_highway_street_driving_long,normal,62513,88000
