set,official_split,filename,attack_family_from_filename,replicate_from_filename,zip_path,uncompressed_bytes,compressed_bytes,crc32_hex
set_01,test_01_known_vehicle_known_attack,DoS-3.csv,DoS,3,can-train-and-test/set_01/test_01_known_vehicle_known_attack/DoS-3.csv,5992583,1169842,290B055B
set_01,test_01_known_vehicle_known_attack,DoS-4.csv,DoS,4,can-train-and-test/set_01/test_01_known_vehicle_known_attack/DoS-4.csv,35705429,7342009,EBB49BD3
set_01,test_01_known_vehicle_known_attack,force-neutral-3.csv,force-neutral,3,can-train-and-test/set_01/test_01_known_vehicle_known_attack/force-neutral-3.csv,35169260,6954775,0C5CDD10
set_01,test_01_known_vehicle_known_attack,force-neutral-4.csv,force-neutral,4,can-train-and-test/set_01/test_01_known_vehicle_known_attack/force-neutral-4.csv,32576569,6489150,47714E31
set_01,test_01_known_vehicle_known_attack,rpm-3.csv,rpm,3,can-train-and-test/set_01/test_01_known_vehicle_known_attack/rpm-3.csv,31339311,6332069,BF4E90C9
set_01,test_01_known_vehicle_known_attack,rpm-4.csv,rpm,4,can-train-and-test/set_01/test_01_known_vehicle_known_attack/rpm-4.csv,31981845,6465688,1DEC5254
set_01,test_01_known_vehicle_known_attack,standstill-3.csv,standstill,3,can-train-and-test/set_01/test_01_known_vehicle_known_attack/standstill-3.csv,24292224,4950504,C69D6EB1
set_01,test_01_known_vehicle_known_attack,standstill-4.csv,standstill,4,can-train-and-test/set_01/test_01_known_vehicle_known_attack/standstill-4.csv,23977213,4847118,8E82F5D9
set_01,test_02_unknown_vehicle_known_attack,DoS-3.csv,DoS,3,can-train-and-test/set_01/test_02_unknown_vehicle_known_attack/DoS-3.csv,42431037,8245184,C36EF7C7
set_01,test_02_unknown_vehicle_known_attack,DoS-4.csv,DoS,4,can-train-and-test/set_01/test_02_unknown_vehicle_known_attack/DoS-4.csv,26343887,5598390,A20D5F39
set_01,test_02_unknown_vehicle_known_attack,force-neutral-3.csv,force-neutral,3,can-train-and-test/set_01/test_02_unknown_vehicle_known_attack/force-neutral-3.csv,17064422,3417281,A0CDFB37
set_01,test_02_unknown_vehicle_known_attack,force-neutral-4.csv,force-neutral,4,can-train-and-test/set_01/test_02_unknown_vehicle_known_attack/force-neutral-4.csv,62637610,13473472,95BFF524
set_01,test_02_unknown_vehicle_known_attack,rpm-3.csv,rpm,3,can-train-and-test/set_01/test_02_unknown_vehicle_known_attack/rpm-3.csv,24085526,5027076,4FDC831C
set_01,test_02_unknown_vehicle_known_attack,rpm-4.csv,rpm,4,can-train-and-test/set_01/test_02_unknown_vehicle_known_attack/rpm-4.csv,24583034,5213761,9A0F738E
set_01,test_02_unknown_vehicle_known_attack,standstill-3.csv,standstill,3,can-train-and-test/set_01/test_02_unknown_vehicle_known_attack/standstill-3.csv,24165206,5079810,4321EBA4
set_01,test_02_unknown_vehicle_known_attack,standstill-4.csv,standstill,4,can-train-and-test/set_01/test_02_unknown_vehicle_known_attack/standstill-4.csv,24726257,5288750,323398A4
set_01,test_03_known_vehicle_unknown_attack,double-3.csv,double,3,can-train-and-test/set_01/test_03_known_vehicle_unknown_attack/double-3.csv,34817685,6792623,D5C4AADE
set_01,test_03_known_vehicle_unknown_attack,double-4.csv,double,4,can-train-and-test/set_01/test_03_known_vehicle_unknown_attack/double-4.csv,32780010,6579635,FE2EBBE6
set_01,test_03_known_vehicle_unknown_attack,fuzzing-3.csv,fuzzing,3,can-train-and-test/set_01/test_03_known_vehicle_unknown_attack/fuzzing-3.csv,22136964,4695208,8ED19948
set_01,test_03_known_vehicle_unknown_attack,fuzzing-4.csv,fuzzing,4,can-train-and-test/set_01/test_03_known_vehicle_unknown_attack/fuzzing-4.csv,15879440,3327058,7CD00CDF
set_01,test_03_known_vehicle_unknown_attack,interval-3.csv,interval,3,can-train-and-test/set_01/test_03_known_vehicle_unknown_attack/interval-3.csv,30698545,6176369,6C8434AA
set_01,test_03_known_vehicle_unknown_attack,interval-4.csv,interval,4,can-train-and-test/set_01/test_03_known_vehicle_unknown_attack/interval-4.csv,34341759,7223179,24C6CAD5
set_01,test_03_known_vehicle_unknown_attack,speed-3.csv,speed,3,can-train-and-test/set_01/test_03_known_vehicle_unknown_attack/speed-3.csv,24604895,5072266,F29795E2
set_01,test_03_known_vehicle_unknown_attack,speed-4.csv,speed,4,can-train-and-test/set_01/test_03_known_vehicle_unknown_attack/speed-4.csv,24049791,4859604,A2ED7C6B
set_01,test_03_known_vehicle_unknown_attack,systematic-3.csv,systematic,3,can-train-and-test/set_01/test_03_known_vehicle_unknown_attack/systematic-3.csv,30325595,6099242,6A2D39BA
set_01,test_03_known_vehicle_unknown_attack,systematic-4.csv,systematic,4,can-train-and-test/set_01/test_03_known_vehicle_unknown_attack/systematic-4.csv,22146425,4705289,13C81FF0
set_01,test_03_known_vehicle_unknown_attack,triple-3.csv,triple,3,can-train-and-test/set_01/test_03_known_vehicle_unknown_attack/triple-3.csv,31298504,6334865,B7CAD2E2
set_01,test_03_known_vehicle_unknown_attack,triple-4.csv,triple,4,can-train-and-test/set_01/test_03_known_vehicle_unknown_attack/triple-4.csv,32162261,6529071,4E4CE3B3
set_01,test_04_unknown_vehicle_unknown_attack,double-3.csv,double,3,can-train-and-test/set_01/test_04_unknown_vehicle_unknown_attack/double-3.csv,41775703,8506424,3183D8FE
set_01,test_04_unknown_vehicle_unknown_attack,double-4.csv,double,4,can-train-and-test/set_01/test_04_unknown_vehicle_unknown_attack/double-4.csv,49379769,9903386,E2E01951
set_01,test_04_unknown_vehicle_unknown_attack,fuzzing-3.csv,fuzzing,3,can-train-and-test/set_01/test_04_unknown_vehicle_unknown_attack/fuzzing-3.csv,18755856,3878512,09189434
set_01,test_04_unknown_vehicle_unknown_attack,fuzzing-4.csv,fuzzing,4,can-train-and-test/set_01/test_04_unknown_vehicle_unknown_attack/fuzzing-4.csv,23502550,4702968,9CED10BC
set_01,test_04_unknown_vehicle_unknown_attack,interval-3.csv,interval,3,can-train-and-test/set_01/test_04_unknown_vehicle_unknown_attack/interval-3.csv,33584019,6735441,650AB06A
set_01,test_04_unknown_vehicle_unknown_attack,interval-4.csv,interval,4,can-train-and-test/set_01/test_04_unknown_vehicle_unknown_attack/interval-4.csv,32589943,6424117,A5A35FE7
set_01,test_04_unknown_vehicle_unknown_attack,speed-3.csv,speed,3,can-train-and-test/set_01/test_04_unknown_vehicle_unknown_attack/speed-3.csv,98986383,19602425,EC4CB70B
set_01,test_04_unknown_vehicle_unknown_attack,speed-4.csv,speed,4,can-train-and-test/set_01/test_04_unknown_vehicle_unknown_attack/speed-4.csv,71749378,14700567,3712F4DC
set_01,test_04_unknown_vehicle_unknown_attack,systematic-3.csv,systematic,3,can-train-and-test/set_01/test_04_unknown_vehicle_unknown_attack/systematic-3.csv,19340328,4021242,2E3627E7
set_01,test_04_unknown_vehicle_unknown_attack,systematic-4.csv,systematic,4,can-train-and-test/set_01/test_04_unknown_vehicle_unknown_attack/systematic-4.csv,12530600,2164783,2865CBCF
set_01,test_04_unknown_vehicle_unknown_attack,triple-3.csv,triple,3,can-train-and-test/set_01/test_04_unknown_vehicle_unknown_attack/triple-3.csv,75208963,14809277,96BA2D45
set_01,test_04_unknown_vehicle_unknown_attack,triple-4.csv,triple,4,can-train-and-test/set_01/test_04_unknown_vehicle_unknown_attack/triple-4.csv,22523639,4611507,39BFE21B
set_01,train_01,DoS-1.csv,DoS,1,can-train-and-test/set_01/train_01/DoS-1.csv,3498722,634685,B87FD889
set_01,train_01,DoS-2.csv,DoS,2,can-train-and-test/set_01/train_01/DoS-2.csv,12122150,2491364,398E8F8B
set_01,train_01,accessory-1.csv,accessory,1,can-train-and-test/set_01/train_01/accessory-1.csv,8085578,1235744,5941CE22
set_01,train_01,accessory-2.csv,accessory,2,can-train-and-test/set_01/train_01/accessory-2.csv,8768770,1331834,61600DA5
set_01,train_01,attack-free-1.csv,attack-free,1,can-train-and-test/set_01/train_01/attack-free-1.csv,75976161,16308063,2103C086
set_01,train_01,attack-free-2.csv,attack-free,2,can-train-and-test/set_01/train_01/attack-free-2.csv,49385649,10365025,F25C6F14
set_01,train_01,force-neutral-1.csv,force-neutral,1,can-train-and-test/set_01/train_01/force-neutral-1.csv,27754807,5721191,672300E4
set_01,train_01,force-neutral-2.csv,force-neutral,2,can-train-and-test/set_01/train_01/force-neutral-2.csv,38541656,7600095,1DEC4093
set_01,train_01,rpm-1.csv,rpm,1,can-train-and-test/set_01/train_01/rpm-1.csv,32695456,6668991,0D32B9EE
set_01,train_01,rpm-2.csv,rpm,2,can-train-and-test/set_01/train_01/rpm-2.csv,31718456,6279660,A220B868
set_01,train_01,standstill-1.csv,standstill,1,can-train-and-test/set_01/train_01/standstill-1.csv,75978651,15404258,7A2B0365
set_01,train_01,standstill-2.csv,standstill,2,can-train-and-test/set_01/train_01/standstill-2.csv,48937495,9556616,EFFC0852
set_02,test_01_known_vehicle_known_attack,double-3.csv,double,3,can-train-and-test/set_02/test_01_known_vehicle_known_attack/double-3.csv,41775703,8506424,3183D8FE
set_02,test_01_known_vehicle_known_attack,double-4.csv,double,4,can-train-and-test/set_02/test_01_known_vehicle_known_attack/double-4.csv,49379769,9903386,E2E01951
set_02,test_01_known_vehicle_known_attack,fuzzing-3.csv,fuzzing,3,can-train-and-test/set_02/test_01_known_vehicle_known_attack/fuzzing-3.csv,18755856,3878512,09189434
set_02,test_01_known_vehicle_known_attack,fuzzing-4.csv,fuzzing,4,can-train-and-test/set_02/test_01_known_vehicle_known_attack/fuzzing-4.csv,23502550,4702968,9CED10BC
set_02,test_01_known_vehicle_known_attack,interval-3.csv,interval,3,can-train-and-test/set_02/test_01_known_vehicle_known_attack/interval-3.csv,33584019,6735441,650AB06A
set_02,test_01_known_vehicle_known_attack,interval-4.csv,interval,4,can-train-and-test/set_02/test_01_known_vehicle_known_attack/interval-4.csv,32589943,6424117,A5A35FE7
set_02,test_01_known_vehicle_known_attack,speed-3.csv,speed,3,can-train-and-test/set_02/test_01_known_vehicle_known_attack/speed-3.csv,98986383,19602425,EC4CB70B
set_02,test_01_known_vehicle_known_attack,speed-4.csv,speed,4,can-train-and-test/set_02/test_01_known_vehicle_known_attack/speed-4.csv,71749378,14700567,3712F4DC
set_02,test_01_known_vehicle_known_attack,systematic-3.csv,systematic,3,can-train-and-test/set_02/test_01_known_vehicle_known_attack/systematic-3.csv,19340328,4021242,2E3627E7
set_02,test_01_known_vehicle_known_attack,systematic-4.csv,systematic,4,can-train-and-test/set_02/test_01_known_vehicle_known_attack/systematic-4.csv,12530600,2164783,2865CBCF
set_02,test_01_known_vehicle_known_attack,triple-3.csv,triple,3,can-train-and-test/set_02/test_01_known_vehicle_known_attack/triple-3.csv,75208963,14809277,96BA2D45
set_02,test_01_known_vehicle_known_attack,triple-4.csv,triple,4,can-train-and-test/set_02/test_01_known_vehicle_known_attack/triple-4.csv,22523639,4611507,39BFE21B
set_02,test_02_unknown_vehicle_known_attack,double-3.csv,double,3,can-train-and-test/set_02/test_02_unknown_vehicle_known_attack/double-3.csv,28042269,5576198,2EDE7C01
set_02,test_02_unknown_vehicle_known_attack,double-4.csv,double,4,can-train-and-test/set_02/test_02_unknown_vehicle_known_attack/double-4.csv,24732034,4813702,723D2C31
set_02,test_02_unknown_vehicle_known_attack,fuzzing-3.csv,fuzzing,3,can-train-and-test/set_02/test_02_unknown_vehicle_known_attack/fuzzing-3.csv,20500553,4181321,1B3AA2CD
set_02,test_02_unknown_vehicle_known_attack,fuzzing-4.csv,fuzzing,4,can-train-and-test/set_02/test_02_unknown_vehicle_known_attack/fuzzing-4.csv,25311406,5096854,B57B8C56
set_02,test_02_unknown_vehicle_known_attack,interval-3.csv,interval,3,can-train-and-test/set_02/test_02_unknown_vehicle_known_attack/interval-3.csv,15924892,3268887,813050D9
set_02,test_02_unknown_vehicle_known_attack,interval-4.csv,interval,4,can-train-and-test/set_02/test_02_unknown_vehicle_known_attack/interval-4.csv,36715373,7423029,3E35CF5D
set_02,test_02_unknown_vehicle_known_attack,speed-3.csv,speed,3,can-train-and-test/set_02/test_02_unknown_vehicle_known_attack/speed-3.csv,25981307,5171486,A31E43D5
set_02,test_02_unknown_vehicle_known_attack,speed-4.csv,speed,4,can-train-and-test/set_02/test_02_unknown_vehicle_known_attack/speed-4.csv,19603552,4033434,55174461
set_02,test_02_unknown_vehicle_known_attack,systematic-3.csv,systematic,3,can-train-and-test/set_02/test_02_unknown_vehicle_known_attack/systematic-3.csv,40594450,8120050,2145500A
set_02,test_02_unknown_vehicle_known_attack,systematic-4.csv,systematic,4,can-train-and-test/set_02/test_02_unknown_vehicle_known_attack/systematic-4.csv,49950983,10025252,ED79DEBE
set_02,test_02_unknown_vehicle_known_attack,triple-3.csv,triple,3,can-train-and-test/set_02/test_02_unknown_vehicle_known_attack/triple-3.csv,27993164,5585030,8F4F27CA
set_02,test_02_unknown_vehicle_known_attack,triple-4.csv,triple,4,can-train-and-test/set_02/test_02_unknown_vehicle_known_attack/triple-4.csv,24453962,4690497,F6EB7404
set_02,test_03_known_vehicle_unknown_attack,DoS-3.csv,DoS,3,can-train-and-test/set_02/test_03_known_vehicle_unknown_attack/DoS-3.csv,36972674,7251785,0948470D
set_02,test_03_known_vehicle_unknown_attack,DoS-4.csv,DoS,4,can-train-and-test/set_02/test_03_known_vehicle_unknown_attack/DoS-4.csv,19794271,3733344,6D529D7D
set_02,test_03_known_vehicle_unknown_attack,force-neutral-3.csv,force-neutral,3,can-train-and-test/set_02/test_03_known_vehicle_unknown_attack/force-neutral-3.csv,160101768,33087420,CCACE133
set_02,test_03_known_vehicle_unknown_attack,force-neutral-4.csv,force-neutral,4,can-train-and-test/set_02/test_03_known_vehicle_unknown_attack/force-neutral-4.csv,100792113,20801279,3CB35D5B
set_02,test_03_known_vehicle_unknown_attack,rpm-3.csv,rpm,3,can-train-and-test/set_02/test_03_known_vehicle_unknown_attack/rpm-3.csv,47718330,9412437,F22527C1
set_02,test_03_known_vehicle_unknown_attack,rpm-4.csv,rpm,4,can-train-and-test/set_02/test_03_known_vehicle_unknown_attack/rpm-4.csv,39658058,7861306,096BE091
set_02,test_03_known_vehicle_unknown_attack,standstill-3.csv,standstill,3,can-train-and-test/set_02/test_03_known_vehicle_unknown_attack/standstill-3.csv,26145407,5345895,6AFEBAFD
set_02,test_03_known_vehicle_unknown_attack,standstill-4.csv,standstill,4,can-train-and-test/set_02/test_03_known_vehicle_unknown_attack/standstill-4.csv,30320520,5732256,D7CF8B75
set_02,test_04_unknown_vehicle_unknown_attack,DoS-3.csv,DoS,3,can-train-and-test/set_02/test_04_unknown_vehicle_unknown_attack/DoS-3.csv,11778073,2386016,50D2AF62
set_02,test_04_unknown_vehicle_unknown_attack,DoS-4.csv,DoS,4,can-train-and-test/set_02/test_04_unknown_vehicle_unknown_attack/DoS-4.csv,26293077,5267573,F35C5295
set_02,test_04_unknown_vehicle_unknown_attack,force-neutral-3.csv,force-neutral,3,can-train-and-test/set_02/test_04_unknown_vehicle_unknown_attack/force-neutral-3.csv,19196850,3857118,855E591E
set_02,test_04_unknown_vehicle_unknown_attack,force-neutral-4.csv,force-neutral,4,can-train-and-test/set_02/test_04_unknown_vehicle_unknown_attack/force-neutral-4.csv,34849085,6833373,1CA5005B
set_02,test_04_unknown_vehicle_unknown_attack,rpm-3.csv,rpm,3,can-train-and-test/set_02/test_04_unknown_vehicle_unknown_attack/rpm-3.csv,27688947,5547496,42FE57D0
set_02,test_04_unknown_vehicle_unknown_attack,rpm-4.csv,rpm,4,can-train-and-test/set_02/test_04_unknown_vehicle_unknown_attack/rpm-4.csv,25863545,5200307,B0F4EF70
set_02,test_04_unknown_vehicle_unknown_attack,standstill-3.csv,standstill,3,can-train-and-test/set_02/test_04_unknown_vehicle_unknown_attack/standstill-3.csv,32472163,6579894,22E819E7
set_02,test_04_unknown_vehicle_unknown_attack,standstill-4.csv,standstill,4,can-train-and-test/set_02/test_04_unknown_vehicle_unknown_attack/standstill-4.csv,14179466,2842670,C4A5E0CA
set_02,train_01,accessory-1.csv,accessory,1,can-train-and-test/set_02/train_01/accessory-1.csv,20134969,3148987,21EBD089
set_02,train_01,accessory-2.csv,accessory,2,can-train-and-test/set_02/train_01/accessory-2.csv,11649554,1807581,EE3E09CE
set_02,train_01,attack-free-1.csv,attack-free,1,can-train-and-test/set_02/train_01/attack-free-1.csv,33719258,6917293,7F3E3592
set_02,train_01,attack-free-2.csv,attack-free,2,can-train-and-test/set_02/train_01/attack-free-2.csv,21757010,4661448,4294EFCC
set_02,train_01,double-1.csv,double,1,can-train-and-test/set_02/train_01/double-1.csv,41185016,8072556,AFE70D27
set_02,train_01,double-2.csv,double,2,can-train-and-test/set_02/train_01/double-2.csv,17526419,3607506,55CA6081
set_02,train_01,fuzzing-1.csv,fuzzing,1,can-train-and-test/set_02/train_01/fuzzing-1.csv,46782254,10217540,6218EEF0
set_02,train_01,fuzzing-2.csv,fuzzing,2,can-train-and-test/set_02/train_01/fuzzing-2.csv,44490428,9098784,E1576892
set_02,train_01,interval-1.csv,interval,1,can-train-and-test/set_02/train_01/interval-1.csv,23948856,4703258,779C6237
set_02,train_01,interval-2.csv,interval,2,can-train-and-test/set_02/train_01/interval-2.csv,62683875,12785334,AF76145F
set_02,train_01,speed-1.csv,speed,1,can-train-and-test/set_02/train_01/speed-1.csv,99358561,20056914,707169A4
set_02,train_01,speed-2.csv,speed,2,can-train-and-test/set_02/train_01/speed-2.csv,104275419,21450487,A56C01F4
set_02,train_01,systematic-1.csv,systematic,1,can-train-and-test/set_02/train_01/systematic-1.csv,20551827,4538385,2652C0B7
set_02,train_01,systematic-2.csv,systematic,2,can-train-and-test/set_02/train_01/systematic-2.csv,17343447,3216053,DE3E936E
set_02,train_01,triple-1.csv,triple,1,can-train-and-test/set_02/train_01/triple-1.csv,67253172,13704492,CA43F111
set_02,train_01,triple-2.csv,triple,2,can-train-and-test/set_02/train_01/triple-2.csv,24947957,4863142,A2E59BE4
set_03,test_01_known_vehicle_known_attack,DoS-1.csv,DoS,1,can-train-and-test/set_03/test_01_known_vehicle_known_attack/DoS-1.csv,9780523,1956086,5B804210
set_03,test_01_known_vehicle_known_attack,DoS-2.csv,DoS,2,can-train-and-test/set_03/test_01_known_vehicle_known_attack/DoS-2.csv,17055036,3430515,EA22955F
set_03,test_01_known_vehicle_known_attack,double-1.csv,double,1,can-train-and-test/set_03/test_01_known_vehicle_known_attack/double-1.csv,48119530,10205001,750A05D3
set_03,test_01_known_vehicle_known_attack,double-2.csv,double,2,can-train-and-test/set_03/test_01_known_vehicle_known_attack/double-2.csv,34879907,7378515,60CB82A0
set_03,test_01_known_vehicle_known_attack,force-neutral-1.csv,force-neutral,1,can-train-and-test/set_03/test_01_known_vehicle_known_attack/force-neutral-1.csv,47687878,9954651,3AFF2F4E
set_03,test_01_known_vehicle_known_attack,force-neutral-2.csv,force-neutral,2,can-train-and-test/set_03/test_01_known_vehicle_known_attack/force-neutral-2.csv,35237942,7600806,EE72B4CA
set_03,test_01_known_vehicle_known_attack,fuzzing-1.csv,fuzzing,1,can-train-and-test/set_03/test_01_known_vehicle_known_attack/fuzzing-1.csv,40309244,9072129,E0A40A15
set_03,test_01_known_vehicle_known_attack,fuzzing-2.csv,fuzzing,2,can-train-and-test/set_03/test_01_known_vehicle_known_attack/fuzzing-2.csv,30393790,6353086,255CB70E
set_03,test_01_known_vehicle_known_attack,triple-1.csv,triple,1,can-train-and-test/set_03/test_01_known_vehicle_known_attack/triple-1.csv,20128527,4332014,BFE0FF70
set_03,test_01_known_vehicle_known_attack,triple-2.csv,triple,2,can-train-and-test/set_03/test_01_known_vehicle_known_attack/triple-2.csv,43483949,9035770,D2B85166
set_03,test_02_unknown_vehicle_known_attack,DoS-1.csv,DoS,1,can-train-and-test/set_03/test_02_unknown_vehicle_known_attack/DoS-1.csv,25795857,5037461,EC35DFD6
set_03,test_02_unknown_vehicle_known_attack,DoS-2.csv,DoS,2,can-train-and-test/set_03/test_02_unknown_vehicle_known_attack/DoS-2.csv,28481072,5752488,A6E595E8
set_03,test_02_unknown_vehicle_known_attack,double-1.csv,double,1,can-train-and-test/set_03/test_02_unknown_vehicle_known_attack/double-1.csv,50097196,9964112,2841A9EE
set_03,test_02_unknown_vehicle_known_attack,double-2.csv,double,2,can-train-and-test/set_03/test_02_unknown_vehicle_known_attack/double-2.csv,27856480,5637326,9C4CA909
set_03,test_02_unknown_vehicle_known_attack,force-neutral-1.csv,force-neutral,1,can-train-and-test/set_03/test_02_unknown_vehicle_known_attack/force-neutral-1.csv,21158090,4218737,9501134F
set_03,test_02_unknown_vehicle_known_attack,force-neutral-2.csv,force-neutral,2,can-train-and-test/set_03/test_02_unknown_vehicle_known_attack/force-neutral-2.csv,19047891,3744256,00EBACAA
set_03,test_02_unknown_vehicle_known_attack,fuzzing-1.csv,fuzzing,1,can-train-and-test/set_03/test_02_unknown_vehicle_known_attack/fuzzing-1.csv,26438538,5492213,A862D2A9
set_03,test_02_unknown_vehicle_known_attack,fuzzing-2.csv,fuzzing,2,can-train-and-test/set_03/test_02_unknown_vehicle_known_attack/fuzzing-2.csv,26107792,5312010,B7630032
set_03,test_02_unknown_vehicle_known_attack,triple-1.csv,triple,1,can-train-and-test/set_03/test_02_unknown_vehicle_known_attack/triple-1.csv,22022316,4254381,CD7AD98B
set_03,test_02_unknown_vehicle_known_attack,triple-2.csv,triple,2,can-train-and-test/set_03/test_02_unknown_vehicle_known_attack/triple-2.csv,28462391,5832926,5852A558
set_03,test_03_known_vehicle_unknown_attack,interval-1.csv,interval,1,can-train-and-test/set_03/test_03_known_vehicle_unknown_attack/interval-1.csv,36111498,7400772,DDAE2333
set_03,test_03_known_vehicle_unknown_attack,interval-2.csv,interval,2,can-train-and-test/set_03/test_03_known_vehicle_unknown_attack/interval-2.csv,38619635,8350303,CD8A20E0
set_03,test_03_known_vehicle_unknown_attack,rpm-1.csv,rpm,1,can-train-and-test/set_03/test_03_known_vehicle_unknown_attack/rpm-1.csv,19991280,4279875,95E414B3
set_03,test_03_known_vehicle_unknown_attack,rpm-2.csv,rpm,2,can-train-and-test/set_03/test_03_known_vehicle_unknown_attack/rpm-2.csv,43556158,9137485,123C8EC9
set_03,test_03_known_vehicle_unknown_attack,rpm-accessory-1.csv,rpm-accessory,1,can-train-and-test/set_03/test_03_known_vehicle_unknown_attack/rpm-accessory-1.csv,6301600,915587,741F6145
set_03,test_03_known_vehicle_unknown_attack,rpm-accessory-2.csv,rpm-accessory,2,can-train-and-test/set_03/test_03_known_vehicle_unknown_attack/rpm-accessory-2.csv,5718844,848999,C05C617F
set_03,test_03_known_vehicle_unknown_attack,speed-1.csv,speed,1,can-train-and-test/set_03/test_03_known_vehicle_unknown_attack/speed-1.csv,47698202,10036111,313D5696
set_03,test_03_known_vehicle_unknown_attack,speed-2.csv,speed,2,can-train-and-test/set_03/test_03_known_vehicle_unknown_attack/speed-2.csv,34863874,7408272,500522A5
set_03,test_03_known_vehicle_unknown_attack,speed-accessory-1.csv,speed-accessory,1,can-train-and-test/set_03/test_03_known_vehicle_unknown_attack/speed-accessory-1.csv,6494350,953074,9F73215C
set_03,test_03_known_vehicle_unknown_attack,speed-accessory-2.csv,speed-accessory,2,can-train-and-test/set_03/test_03_known_vehicle_unknown_attack/speed-accessory-2.csv,5716613,844346,A49FA69C
set_03,test_03_known_vehicle_unknown_attack,standstill-1.csv,standstill,1,can-train-and-test/set_03/test_03_known_vehicle_unknown_attack/standstill-1.csv,19907126,4211737,DC6395AB
set_03,test_03_known_vehicle_unknown_attack,standstill-2.csv,standstill,2,can-train-and-test/set_03/test_03_known_vehicle_unknown_attack/standstill-2.csv,43445690,9047475,9D9FCE35
set_03,test_03_known_vehicle_unknown_attack,systematic-1.csv,systematic,1,can-train-and-test/set_03/test_03_known_vehicle_unknown_attack/systematic-1.csv,29763272,6341288,51E611E5
set_03,test_03_known_vehicle_unknown_attack,systematic-2.csv,systematic,2,can-train-and-test/set_03/test_03_known_vehicle_unknown_attack/systematic-2.csv,21678193,4654843,383189A4
set_03,test_04_unknown_vehicle_unknown_attack,interval-1.csv,interval,1,can-train-and-test/set_03/test_04_unknown_vehicle_unknown_attack/interval-1.csv,34641107,6745207,8EDF280E
set_03,test_04_unknown_vehicle_unknown_attack,interval-2.csv,interval,2,can-train-and-test/set_03/test_04_unknown_vehicle_unknown_attack/interval-2.csv,18663978,3706597,FF331FC3
set_03,test_04_unknown_vehicle_unknown_attack,rpm-1.csv,rpm,1,can-train-and-test/set_03/test_04_unknown_vehicle_unknown_attack/rpm-1.csv,19720399,4027050,A49B36C1
set_03,test_04_unknown_vehicle_unknown_attack,rpm-2.csv,rpm,2,can-train-and-test/set_03/test_04_unknown_vehicle_unknown_attack/rpm-2.csv,22946502,4643892,AB3B9E79
set_03,test_04_unknown_vehicle_unknown_attack,rpm-accessory-1.csv,rpm-accessory,1,can-train-and-test/set_03/test_04_unknown_vehicle_unknown_attack/rpm-accessory-1.csv,5220106,881816,EC482D69
set_03,test_04_unknown_vehicle_unknown_attack,rpm-accessory-2.csv,rpm-accessory,2,can-train-and-test/set_03/test_04_unknown_vehicle_unknown_attack/rpm-accessory-2.csv,5596879,948420,1C26D5F2
set_03,test_04_unknown_vehicle_unknown_attack,speed-1.csv,speed,1,can-train-and-test/set_03/test_04_unknown_vehicle_unknown_attack/speed-1.csv,30421072,6114752,FC83452B
set_03,test_04_unknown_vehicle_unknown_attack,speed-2.csv,speed,2,can-train-and-test/set_03/test_04_unknown_vehicle_unknown_attack/speed-2.csv,28643415,5648197,C011EDE9
set_03,test_04_unknown_vehicle_unknown_attack,speed-accessory-1.csv,speed-accessory,1,can-train-and-test/set_03/test_04_unknown_vehicle_unknown_attack/speed-accessory-1.csv,10558989,1770435,6A278BF5
set_03,test_04_unknown_vehicle_unknown_attack,speed-accessory-2.csv,speed-accessory,2,can-train-and-test/set_03/test_04_unknown_vehicle_unknown_attack/speed-accessory-2.csv,6647294,1122891,754FFC6A
set_03,test_04_unknown_vehicle_unknown_attack,standstill-1.csv,standstill,1,can-train-and-test/set_03/test_04_unknown_vehicle_unknown_attack/standstill-1.csv,12404934,2494315,DD35E2EF
set_03,test_04_unknown_vehicle_unknown_attack,standstill-2.csv,standstill,2,can-train-and-test/set_03/test_04_unknown_vehicle_unknown_attack/standstill-2.csv,35735469,7122472,14303897
set_03,test_04_unknown_vehicle_unknown_attack,systematic-1.csv,systematic,1,can-train-and-test/set_03/test_04_unknown_vehicle_unknown_attack/systematic-1.csv,20886277,4347905,CEE788AE
set_03,test_04_unknown_vehicle_unknown_attack,systematic-2.csv,systematic,2,can-train-and-test/set_03/test_04_unknown_vehicle_unknown_attack/systematic-2.csv,25236201,5051610,5896BC53
set_03,train_01,DoS-3.csv,DoS,3,can-train-and-test/set_03/train_01/DoS-3.csv,42431037,8245184,C36EF7C7
set_03,train_01,DoS-4.csv,DoS,4,can-train-and-test/set_03/train_01/DoS-4.csv,26343887,5598390,A20D5F39
set_03,train_01,accessory-3.csv,accessory,3,can-train-and-test/set_03/train_01/accessory-3.csv,8227506,1314053,103D8AA1
set_03,train_01,accessory-4.csv,accessory,4,can-train-and-test/set_03/train_01/accessory-4.csv,16994933,2731690,10664F8B
set_03,train_01,attack-free-3.csv,attack-free,3,can-train-and-test/set_03/train_01/attack-free-3.csv,65768839,14699436,1BA86360
set_03,train_01,attack-free-4.csv,attack-free,4,can-train-and-test/set_03/train_01/attack-free-4.csv,49512315,11266234,E5365C5F
set_03,train_01,double-3.csv,double,3,can-train-and-test/set_03/train_01/double-3.csv,17242768,3486233,A84F21C4
set_03,train_01,double-4.csv,double,4,can-train-and-test/set_03/train_01/double-4.csv,62773392,13508429,C748E826
set_03,train_01,force-neutral-3.csv,force-neutral,3,can-train-and-test/set_03/train_01/force-neutral-3.csv,17064422,3417281,A0CDFB37
set_03,train_01,force-neutral-4.csv,force-neutral,4,can-train-and-test/set_03/train_01/force-neutral-4.csv,62637610,13473472,95BFF524
set_03,train_01,fuzzing-3.csv,fuzzing,3,can-train-and-test/set_03/train_01/fuzzing-3.csv,11292970,2440124,E82A5A30
set_03,train_01,fuzzing-4.csv,fuzzing,4,can-train-and-test/set_03/train_01/fuzzing-4.csv,30393754,5224633,5AE9088B
set_03,train_01,triple-3.csv,triple,3,can-train-and-test/set_03/train_01/triple-3.csv,24267026,5113058,AF9D931E
set_03,train_01,triple-4.csv,triple,4,can-train-and-test/set_03/train_01/triple-4.csv,24693880,5236981,5AD61AAC
set_04,test_01_known_vehicle_known_attack,interval-1.csv,interval,1,can-train-and-test/set_04/test_01_known_vehicle_known_attack/interval-1.csv,34641107,6745207,8EDF280E
set_04,test_01_known_vehicle_known_attack,interval-2.csv,interval,2,can-train-and-test/set_04/test_01_known_vehicle_known_attack/interval-2.csv,18663978,3706597,FF331FC3
set_04,test_01_known_vehicle_known_attack,rpm-1.csv,rpm,1,can-train-and-test/set_04/test_01_known_vehicle_known_attack/rpm-1.csv,19720399,4027050,A49B36C1
set_04,test_01_known_vehicle_known_attack,rpm-2.csv,rpm,2,can-train-and-test/set_04/test_01_known_vehicle_known_attack/rpm-2.csv,22946502,4643892,AB3B9E79
set_04,test_01_known_vehicle_known_attack,rpm-accessory-1.csv,rpm-accessory,1,can-train-and-test/set_04/test_01_known_vehicle_known_attack/rpm-accessory-1.csv,5220106,881816,EC482D69
set_04,test_01_known_vehicle_known_attack,rpm-accessory-2.csv,rpm-accessory,2,can-train-and-test/set_04/test_01_known_vehicle_known_attack/rpm-accessory-2.csv,5596879,948420,1C26D5F2
set_04,test_01_known_vehicle_known_attack,speed-1.csv,speed,1,can-train-and-test/set_04/test_01_known_vehicle_known_attack/speed-1.csv,30421072,6114752,FC83452B
set_04,test_01_known_vehicle_known_attack,speed-2.csv,speed,2,can-train-and-test/set_04/test_01_known_vehicle_known_attack/speed-2.csv,28643415,5648197,C011EDE9
set_04,test_01_known_vehicle_known_attack,speed-accessory-1.csv,speed-accessory,1,can-train-and-test/set_04/test_01_known_vehicle_known_attack/speed-accessory-1.csv,10558989,1770435,6A278BF5
set_04,test_01_known_vehicle_known_attack,speed-accessory-2.csv,speed-accessory,2,can-train-and-test/set_04/test_01_known_vehicle_known_attack/speed-accessory-2.csv,6647294,1122891,754FFC6A
set_04,test_01_known_vehicle_known_attack,standstill-1.csv,standstill,1,can-train-and-test/set_04/test_01_known_vehicle_known_attack/standstill-1.csv,12404934,2494315,DD35E2EF
set_04,test_01_known_vehicle_known_attack,standstill-2.csv,standstill,2,can-train-and-test/set_04/test_01_known_vehicle_known_attack/standstill-2.csv,35735469,7122472,14303897
set_04,test_01_known_vehicle_known_attack,systematic-1.csv,systematic,1,can-train-and-test/set_04/test_01_known_vehicle_known_attack/systematic-1.csv,20886277,4347905,CEE788AE
set_04,test_01_known_vehicle_known_attack,systematic-2.csv,systematic,2,can-train-and-test/set_04/test_01_known_vehicle_known_attack/systematic-2.csv,25236201,5051610,5896BC53
set_04,test_02_unknown_vehicle_known_attack,interval-1.csv,interval,1,can-train-and-test/set_04/test_02_unknown_vehicle_known_attack/interval-1.csv,23948856,4703258,779C6237
set_04,test_02_unknown_vehicle_known_attack,interval-2.csv,interval,2,can-train-and-test/set_04/test_02_unknown_vehicle_known_attack/interval-2.csv,62683875,12785334,AF76145F
set_04,test_02_unknown_vehicle_known_attack,rpm-1.csv,rpm,1,can-train-and-test/set_04/test_02_unknown_vehicle_known_attack/rpm-1.csv,125672401,25914537,FC267E1E
set_04,test_02_unknown_vehicle_known_attack,rpm-2.csv,rpm,2,can-train-and-test/set_04/test_02_unknown_vehicle_known_attack/rpm-2.csv,74511748,13331890,8BC9B4DB
set_04,test_02_unknown_vehicle_known_attack,rpm-accessory-1.csv,rpm-accessory,1,can-train-and-test/set_04/test_02_unknown_vehicle_known_attack/rpm-accessory-1.csv,19994030,2804269,EDF87715
set_04,test_02_unknown_vehicle_known_attack,rpm-accessory-2.csv,rpm-accessory,2,can-train-and-test/set_04/test_02_unknown_vehicle_known_attack/rpm-accessory-2.csv,11574573,1608534,7486CBB1
set_04,test_02_unknown_vehicle_known_attack,speed-1.csv,speed,1,can-train-and-test/set_04/test_02_unknown_vehicle_known_attack/speed-1.csv,99358561,20056914,707169A4
set_04,test_02_unknown_vehicle_known_attack,speed-2.csv,speed,2,can-train-and-test/set_04/test_02_unknown_vehicle_known_attack/speed-2.csv,104275419,21450487,A56C01F4
set_04,test_02_unknown_vehicle_known_attack,speed-accessory-1.csv,speed-accessory,1,can-train-and-test/set_04/test_02_unknown_vehicle_known_attack/speed-accessory-1.csv,20175669,2897313,39969D5D
set_04,test_02_unknown_vehicle_known_attack,speed-accessory-2.csv,speed-accessory,2,can-train-and-test/set_04/test_02_unknown_vehicle_known_attack/speed-accessory-2.csv,11605872,1628932,C51211ED
set_04,test_02_unknown_vehicle_known_attack,standstill-1.csv,standstill,1,can-train-and-test/set_04/test_02_unknown_vehicle_known_attack/standstill-1.csv,45606102,9007080,02CB6403
set_04,test_02_unknown_vehicle_known_attack,standstill-2.csv,standstill,2,can-train-and-test/set_04/test_02_unknown_vehicle_known_attack/standstill-2.csv,23370239,4657000,13B0A6E1
set_04,test_02_unknown_vehicle_known_attack,systematic-1.csv,systematic,1,can-train-and-test/set_04/test_02_unknown_vehicle_known_attack/systematic-1.csv,20551827,4538385,2652C0B7
set_04,test_02_unknown_vehicle_known_attack,systematic-2.csv,systematic,2,can-train-and-test/set_04/test_02_unknown_vehicle_known_attack/systematic-2.csv,17343447,3216053,DE3E936E
set_04,test_03_known_vehicle_unknown_attack,DoS-1.csv,DoS,1,can-train-and-test/set_04/test_03_known_vehicle_unknown_attack/DoS-1.csv,25795857,5037461,EC35DFD6
set_04,test_03_known_vehicle_unknown_attack,DoS-2.csv,DoS,2,can-train-and-test/set_04/test_03_known_vehicle_unknown_attack/DoS-2.csv,28481072,5752488,A6E595E8
set_04,test_03_known_vehicle_unknown_attack,double-1.csv,double,1,can-train-and-test/set_04/test_03_known_vehicle_unknown_attack/double-1.csv,50097196,9964112,2841A9EE
set_04,test_03_known_vehicle_unknown_attack,double-2.csv,double,2,can-train-and-test/set_04/test_03_known_vehicle_unknown_attack/double-2.csv,27856480,5637326,9C4CA909
set_04,test_03_known_vehicle_unknown_attack,force-neutral-1.csv,force-neutral,1,can-train-and-test/set_04/test_03_known_vehicle_unknown_attack/force-neutral-1.csv,21158090,4218737,9501134F
set_04,test_03_known_vehicle_unknown_attack,force-neutral-2.csv,force-neutral,2,can-train-and-test/set_04/test_03_known_vehicle_unknown_attack/force-neutral-2.csv,19047891,3744256,00EBACAA
set_04,test_03_known_vehicle_unknown_attack,fuzzing-1.csv,fuzzing,1,can-train-and-test/set_04/test_03_known_vehicle_unknown_attack/fuzzing-1.csv,26438538,5492213,A862D2A9
set_04,test_03_known_vehicle_unknown_attack,fuzzing-2.csv,fuzzing,2,can-train-and-test/set_04/test_03_known_vehicle_unknown_attack/fuzzing-2.csv,26107792,5312010,B7630032
set_04,test_03_known_vehicle_unknown_attack,triple-1.csv,triple,1,can-train-and-test/set_04/test_03_known_vehicle_unknown_attack/triple-1.csv,22022316,4254381,CD7AD98B
set_04,test_03_known_vehicle_unknown_attack,triple-2.csv,triple,2,can-train-and-test/set_04/test_03_known_vehicle_unknown_attack/triple-2.csv,28462391,5832926,5852A558
set_04,test_04_unknown_vehicle_unknown_attack,DoS-1.csv,DoS,1,can-train-and-test/set_04/test_04_unknown_vehicle_unknown_attack/DoS-1.csv,15324766,3062773,2071B689
set_04,test_04_unknown_vehicle_unknown_attack,DoS-2.csv,DoS,2,can-train-and-test/set_04/test_04_unknown_vehicle_unknown_attack/DoS-2.csv,15998666,3283202,223AEDC1
set_04,test_04_unknown_vehicle_unknown_attack,double-1.csv,double,1,can-train-and-test/set_04/test_04_unknown_vehicle_unknown_attack/double-1.csv,41185016,8072556,AFE70D27
set_04,test_04_unknown_vehicle_unknown_attack,double-2.csv,double,2,can-train-and-test/set_04/test_04_unknown_vehicle_unknown_attack/double-2.csv,17526419,3607506,55CA6081
set_04,test_04_unknown_vehicle_unknown_attack,force-neutral-1.csv,force-neutral,1,can-train-and-test/set_04/test_04_unknown_vehicle_unknown_attack/force-neutral-1.csv,19220276,3825648,9F140BB2
set_04,test_04_unknown_vehicle_unknown_attack,force-neutral-2.csv,force-neutral,2,can-train-and-test/set_04/test_04_unknown_vehicle_unknown_attack/force-neutral-2.csv,17227950,3604454,90B0ADB0
set_04,test_04_unknown_vehicle_unknown_attack,fuzzing-1.csv,fuzzing,1,can-train-and-test/set_04/test_04_unknown_vehicle_unknown_attack/fuzzing-1.csv,46782254,10217540,6218EEF0
set_04,test_04_unknown_vehicle_unknown_attack,fuzzing-2.csv,fuzzing,2,can-train-and-test/set_04/test_04_unknown_vehicle_unknown_attack/fuzzing-2.csv,44490428,9098784,E1576892
set_04,test_04_unknown_vehicle_unknown_attack,triple-1.csv,triple,1,can-train-and-test/set_04/test_04_unknown_vehicle_unknown_attack/triple-1.csv,67253172,13704492,CA43F111
set_04,test_04_unknown_vehicle_unknown_attack,triple-2.csv,triple,2,can-train-and-test/set_04/test_04_unknown_vehicle_unknown_attack/triple-2.csv,24947957,4863142,A2E59BE4
set_04,train_01,accessory-3.csv,accessory,3,can-train-and-test/set_04/train_01/accessory-3.csv,1262428,194569,6A257790
set_04,train_01,accessory-4.csv,accessory,4,can-train-and-test/set_04/train_01/accessory-4.csv,2113444,362050,9DCD20B8
set_04,train_01,attack-free-3.csv,attack-free,3,can-train-and-test/set_04/train_01/attack-free-3.csv,36838630,7525910,C1E13B6A
set_04,train_01,attack-free-4.csv,attack-free,4,can-train-and-test/set_04/train_01/attack-free-4.csv,13555370,2797586,5391BA6E
set_04,train_01,interval-3.csv,interval,3,can-train-and-test/set_04/train_01/interval-3.csv,15924892,3268887,813050D9
set_04,train_01,interval-4.csv,interval,4,can-train-and-test/set_04/train_01/interval-4.csv,36715373,7423029,3E35CF5D
set_04,train_01,rpm-3.csv,rpm,3,can-train-and-test/set_04/train_01/rpm-3.csv,27688947,5547496,42FE57D0
set_04,train_01,rpm-4.csv,rpm,4,can-train-and-test/set_04/train_01/rpm-4.csv,25863545,5200307,B0F4EF70
set_04,train_01,rpm-accessory-3.csv,rpm-accessory,3,can-train-and-test/set_04/train_01/rpm-accessory-3.csv,6347809,1067681,5A1EB987
set_04,train_01,rpm-accessory-4.csv,rpm-accessory,4,can-train-and-test/set_04/train_01/rpm-accessory-4.csv,7094561,1189568,6B1A73FF
set_04,train_01,speed-3.csv,speed,3,can-train-and-test/set_04/train_01/speed-3.csv,25981307,5171486,A31E43D5
set_04,train_01,speed-4.csv,speed,4,can-train-and-test/set_04/train_01/speed-4.csv,19603552,4033434,55174461
set_04,train_01,speed-accessory-3.csv,speed-accessory,3,can-train-and-test/set_04/train_01/speed-accessory-3.csv,10058153,1681161,6C64C8BB
set_04,train_01,speed-accessory-4.csv,speed-accessory,4,can-train-and-test/set_04/train_01/speed-accessory-4.csv,15533840,2577158,25757781
set_04,train_01,standstill-3.csv,standstill,3,can-train-and-test/set_04/train_01/standstill-3.csv,32472163,6579894,22E819E7
set_04,train_01,standstill-4.csv,standstill,4,can-train-and-test/set_04/train_01/standstill-4.csv,14179466,2842670,C4A5E0CA
set_04,train_01,systematic-3.csv,systematic,3,can-train-and-test/set_04/train_01/systematic-3.csv,40594450,8120050,2145500A
set_04,train_01,systematic-4.csv,systematic,4,can-train-and-test/set_04/train_01/systematic-4.csv,49950983,10025252,ED79DEBE
