capture,log_path,group_id,group_type,task_scope,paired_masquerade_variant,has_log
accelerator_attack_drive_1,road/attacks/accelerator_attack_drive_1.log,accelerator_attack_drive_1,state_anomaly,exploratory_state,False,True
accelerator_attack_drive_2,road/attacks/accelerator_attack_drive_2.log,accelerator_attack_drive_2,state_anomaly,exploratory_state,False,True
accelerator_attack_reverse_1,road/attacks/accelerator_attack_reverse_1.log,accelerator_attack_reverse_1,state_anomaly,exploratory_state,False,True
accelerator_attack_reverse_2,road/attacks/accelerator_attack_reverse_2.log,accelerator_attack_reverse_2,state_anomaly,exploratory_state,False,True
correlated_signal_attack_1,road/attacks/correlated_signal_attack_1.log,correlated_signal_attack_1,attack_campaign,primary_injection,False,True
correlated_signal_attack_1_masquerade,road/attacks/correlated_signal_attack_1_masquerade.log,correlated_signal_attack_1,attack_campaign,primary_injection,True,True
correlated_signal_attack_2,road/attacks/correlated_signal_attack_2.log,correlated_signal_attack_2,attack_campaign,primary_injection,False,True
correlated_signal_attack_2_masquerade,road/attacks/correlated_signal_attack_2_masquerade.log,correlated_signal_attack_2,attack_campaign,primary_injection,True,True
correlated_signal_attack_3,road/attacks/correlated_signal_attack_3.log,correlated_signal_attack_3,attack_campaign,primary_injection,False,True
correlated_signal_attack_3_masquerade,road/attacks/correlated_signal_attack_3_masquerade.log,correlated_signal_attack_3,attack_campaign,primary_injection,True,True
fuzzing_attack_1,road/attacks/fuzzing_attack_1.log,fuzzing_attack_1,attack_campaign,primary_injection,False,True
fuzzing_attack_2,road/attacks/fuzzing_attack_2.log,fuzzing_attack_2,attack_campaign,primary_injection,False,True
fuzzing_attack_3,road/attacks/fuzzing_attack_3.log,fuzzing_attack_3,attack_campaign,primary_injection,False,True
max_engine_coolant_temp_attack,road/attacks/max_engine_coolant_temp_attack.log,max_engine_coolant_temp_attack,attack_campaign,primary_injection,False,True
max_engine_coolant_temp_attack_masquerade,road/attacks/max_engine_coolant_temp_attack_masquerade.log,max_engine_coolant_temp_attack,attack_campaign,primary_injection,True,True
max_speedometer_attack_1,road/attacks/max_speedometer_attack_1.log,max_speedometer_attack_1,attack_campaign,primary_injection,False,True
max_speedometer_attack_1_masquerade,road/attacks/max_speedometer_attack_1_masquerade.log,max_speedometer_attack_1,attack_campaign,primary_injection,True,True
max_speedometer_attack_2,road/attacks/max_speedometer_attack_2.log,max_speedometer_attack_2,attack_campaign,primary_injection,False,True
max_speedometer_attack_2_masquerade,road/attacks/max_speedometer_attack_2_masquerade.log,max_speedometer_attack_2,attack_campaign,primary_injection,True,True
max_speedometer_attack_3,road/attacks/max_speedometer_attack_3.log,max_speedometer_attack_3,attack_campaign,primary_injection,False,True
max_speedometer_attack_3_masquerade,road/attacks/max_speedometer_attack_3_masquerade.log,max_speedometer_attack_3,attack_campaign,primary_injection,True,True
reverse_light_off_attack_1,road/attacks/reverse_light_off_attack_1.log,reverse_light_off_attack_1,attack_campaign,primary_injection,False,True
reverse_light_off_attack_1_masquerade,road/attacks/reverse_light_off_attack_1_masquerade.log,reverse_light_off_attack_1,attack_campaign,primary_injection,True,True
reverse_light_off_attack_2,road/attacks/reverse_light_off_attack_2.log,reverse_light_off_attack_2,attack_campaign,primary_injection,False,True
reverse_light_off_attack_2_masquerade,road/attacks/reverse_light_off_attack_2_masquerade.log,reverse_light_off_attack_2,attack_campaign,primary_injection,True,True
reverse_light_off_attack_3,road/attacks/reverse_light_off_attack_3.log,reverse_light_off_attack_3,attack_campaign,primary_injection,False,True
reverse_light_off_attack_3_masquerade,road/attacks/reverse_light_off_attack_3_masquerade.log,reverse_light_off_attack_3,attack_campaign,primary_injection,True,True
reverse_light_on_attack_1,road/attacks/reverse_light_on_attack_1.log,reverse_light_on_attack_1,attack_campaign,primary_injection,False,True
reverse_light_on_attack_1_masquerade,road/attacks/reverse_light_on_attack_1_masquerade.log,reverse_light_on_attack_1,attack_campaign,primary_injection,True,True
reverse_light_on_attack_2,road/attacks/reverse_light_on_attack_2.log,reverse_light_on_attack_2,attack_campaign,primary_injection,False,True
reverse_light_on_attack_2_masquerade,road/attacks/reverse_light_on_attack_2_masquerade.log,reverse_light_on_attack_2,attack_campaign,primary_injection,True,True
reverse_light_on_attack_3,road/attacks/reverse_light_on_attack_3.log,reverse_light_on_attack_3,attack_campaign,primary_injection,False,True
reverse_light_on_attack_3_masquerade,road/attacks/reverse_light_on_attack_3_masquerade.log,reverse_light_on_attack_3,attack_campaign,primary_injection,True,True
ambient_dyno_drive_basic_long,road/ambient/ambient_dyno_drive_basic_long.log,ambient_dyno_drive_basic_long,normal_capture,primary_normal,False,True
ambient_dyno_drive_basic_short,road/ambient/ambient_dyno_drive_basic_short.log,ambient_dyno_drive_basic_short,normal_capture,primary_normal,False,True
ambient_dyno_drive_benign_anomaly,road/ambient/ambient_dyno_drive_benign_anomaly.log,ambient_dyno_drive_benign_anomaly,normal_capture,primary_normal,False,True
ambient_dyno_drive_extended_long,road/ambient/ambient_dyno_drive_extended_long.log,ambient_dyno_drive_extended_long,normal_capture,primary_normal,False,True
ambient_dyno_drive_extended_short,road/ambient/ambient_dyno_drive_extended_short.log,ambient_dyno_drive_extended_short,normal_capture,primary_normal,False,True
ambient_dyno_drive_radio_infotainment,road/ambient/ambient_dyno_drive_radio_infotainment.log,ambient_dyno_drive_radio_infotainment,normal_capture,primary_normal,False,True
ambient_dyno_drive_winter,road/ambient/ambient_dyno_drive_winter.log,ambient_dyno_drive_winter,normal_capture,primary_normal,False,True
ambient_dyno_exercise_all_bits,road/ambient/ambient_dyno_exercise_all_bits.log,ambient_dyno_exercise_all_bits,normal_capture,primary_normal,False,True
ambient_dyno_idle_radio_infotainment,road/ambient/ambient_dyno_idle_radio_infotainment.log,ambient_dyno_idle_radio_infotainment,normal_capture,primary_normal,False,True
ambient_dyno_reverse,road/ambient/ambient_dyno_reverse.log,ambient_dyno_reverse,normal_capture,primary_normal,False,True
ambient_highway_street_driving_diagnostics,road/ambient/ambient_highway_street_driving_diagnostics.log,ambient_highway_street_driving_diagnostics,normal_capture,primary_normal,False,True
ambient_highway_street_driving_long,road/ambient/ambient_highway_street_driving_long.log,ambient_highway_street_driving_long,normal_capture,primary_normal,False,True
