dataset,endpoint,status,reason_code,warnings,used_to_design_rules,design_role,paper_reporting_role
ROAD,frame_classification,D,F02_RECONSTRUCTED_FRAME_PROXY,FRAME_LABEL_PROXY|SINGLE_VEHICLE_EXTERNAL_VALIDITY,True,event-interval evidence,secondary
ROAD,event_response,A,E01_EXPLICIT_EVENT_INTERVAL,ANCHOR_NOT_PHYSICAL_COMMAND_TIME|SINGLE_VEHICLE_EXTERNAL_VALIDITY,True,event-interval evidence,primary
ROAD,independent_normal_alarm_burden,A,N01_SEPARATE_DURATION_KNOWN_NORMAL,SINGLE_VEHICLE_EXTERNAL_VALIDITY,True,event-interval evidence,primary
ROAD,mechanism_tail,D,M02_MECHANISM_STRATIFICATION_ONLY,NO_MECHANISM_DISJOINT_HOLDOUT|SINGLE_VEHICLE_EXTERNAL_VALIDITY,True,event-interval evidence,secondary
ROAD,cross_dataset_pooled_score,P,P02_NONHARMONIZED_CROSS_DATASET_POOLING,CROSS_DATASET_POOLING_PROHIBITED|SINGLE_VEHICLE_EXTERNAL_VALIDITY,True,event-interval evidence,excluded
CTAT,frame_classification,A,F01_EXACT_PUBLISHER_FRAME_LABEL,,True,frame-label semantic negative control,primary_supporting
CTAT,event_response,N/A,E04_NO_INTERPRETABLE_EVENT_ANCHOR,EVENT_ENDPOINT_UNSUPPORTED,True,frame-label semantic negative control,excluded
CTAT,independent_normal_alarm_burden,A,N01_SEPARATE_DURATION_KNOWN_NORMAL,,True,frame-label semantic negative control,secondary
CTAT,mechanism_tail,D,M02_MECHANISM_STRATIFICATION_ONLY,NO_MECHANISM_DISJOINT_HOLDOUT,True,frame-label semantic negative control,excluded
CTAT,cross_dataset_pooled_score,P,P02_NONHARMONIZED_CROSS_DATASET_POOLING,CROSS_DATASET_POOLING_PROHIBITED,True,frame-label semantic negative control,excluded
CarDS,frame_classification,A,F01_EXACT_PUBLISHER_FRAME_LABEL,SINGLE_VEHICLE_EXTERNAL_VALIDITY,True,label-anchored event and mechanism-disjoint evidence,secondary
CarDS,event_response,A,E02_UNAMBIGUOUS_LABEL_ANCHOR,LABEL_ANCHORED_RESPONSE_ONLY|SINGLE_VEHICLE_EXTERNAL_VALIDITY,True,label-anchored event and mechanism-disjoint evidence,primary
CarDS,independent_normal_alarm_burden,A,N01_SEPARATE_DURATION_KNOWN_NORMAL,SINGLE_VEHICLE_EXTERNAL_VALIDITY,True,label-anchored event and mechanism-disjoint evidence,primary
CarDS,mechanism_tail,A,M01_MECHANISM_DISJOINT_TAIL_SUPPORTED,SINGLE_VEHICLE_EXTERNAL_VALIDITY,True,label-anchored event and mechanism-disjoint evidence,primary
CarDS,cross_dataset_pooled_score,P,P02_NONHARMONIZED_CROSS_DATASET_POOLING,CROSS_DATASET_POOLING_PROHIBITED|SINGLE_VEHICLE_EXTERNAL_VALIDITY,True,label-anchored event and mechanism-disjoint evidence,excluded
HCRL-CH,frame_classification,A,F01_EXACT_PUBLISHER_FRAME_LABEL,SINGLE_VEHICLE_EXTERNAL_VALIDITY,False,external metadata exercise only,external_check_only
HCRL-CH,event_response,D,E03_HEURISTIC_EVENT_RECONSTRUCTION,HEURISTIC_EVENT_GROUPING|LABEL_ANCHORED_RESPONSE_ONLY|SINGLE_VEHICLE_EXTERNAL_VALIDITY,False,external metadata exercise only,external_check_only
HCRL-CH,independent_normal_alarm_burden,A,N01_SEPARATE_DURATION_KNOWN_NORMAL,NORMAL_ATTACK_CONTEXT_SHIFT|SINGLE_VEHICLE_EXTERNAL_VALIDITY,False,external metadata exercise only,external_check_only
HCRL-CH,mechanism_tail,D,M02_MECHANISM_STRATIFICATION_ONLY,NO_MECHANISM_DISJOINT_HOLDOUT|SINGLE_VEHICLE_EXTERNAL_VALIDITY,False,external metadata exercise only,external_check_only
HCRL-CH,cross_dataset_pooled_score,P,P02_NONHARMONIZED_CROSS_DATASET_POOLING,CROSS_DATASET_POOLING_PROHIBITED|SINGLE_VEHICLE_EXTERNAL_VALIDITY,False,external metadata exercise only,external_check_only
